Name	Completeness	Contamination	Completeness_Model_Used	Translation_Table_Used	Coding_Density	Contig_N50	Average_Gene_Length	Genome_Size	GC_Content	Total_Coding_Sequences	Total_Contigs	Max_Contig_Length	Additional_Notes
bin.1	10.47	0.08	Neural Network (Specific Model)	11	0.854	47812	294.97727272727275	273123	0.51	264	8	76201	None
bin.10	53.42	0.1	Gradient Boost (General Model)	11	0.893	4866	267.91803278688525	1041036	0.47	1159	218	14079	None
bin.11	7.83	0.0	Neural Network (Specific Model)	11	0.867	6383	242.0203488372093	287334	0.41	344	54	16919	None
bin.12	8.38	0.0	Neural Network (Specific Model)	11	0.863	4951	250.39762611275964	292532	0.53	337	61	11263	None
bin.13	96.66	77.69	Neural Network (Specific Model)	11	0.892	20787	309.0842589654078	6539823	0.42	6302	494	121258	None
bin.14	23.32	0.01	Neural Network (Specific Model)	11	0.896	100885	340.20722891566265	472460	0.31	415	13	149574	None
bin.15	94.73	1.15	Gradient Boost (General Model)	11	0.898	27950	320.64134563212156	1972052	0.62	1843	94	78323	None
bin.16	66.9	0.33	Neural Network (Specific Model)	11	0.876	12935	328.8620981387479	1330416	0.57	1182	155	76256	None
bin.17	73.6	1.6	Neural Network (Specific Model)	11	0.868	34861	320.69182389937106	2815552	0.42	2544	138	120491	None
bin.18	32.61	0.26	Neural Network (Specific Model)	11	0.889	6200	270.8690807799443	654354	0.38	718	122	23090	None
bin.19	9.34	0.0	Neural Network (Specific Model)	11	0.922	119635	346.81111111111113	202838	0.49	180	3	119635	None
bin.2	99.7	0.72	Gradient Boost (General Model)	11	0.855	139324	309.2013225569434	1474887	0.27	1361	23	310046	None
bin.20	66.68	4.43	Neural Network (Specific Model)	11	0.879	7927	277.47989394608925	2137417	0.38	2263	325	52335	None
bin.21	20.21	1.31	Neural Network (Specific Model)	11	0.852	17561	252.90980052038162	1022714	0.36	1153	88	163810	None
bin.22	61.89	0.0	Neural Network (Specific Model)	11	0.896	89899	330.56788665879577	1872481	0.45	1694	43	268920	None
bin.23	49.44	0.35	Neural Network (Specific Model)	11	0.89	167512	311.6007984031936	1051122	0.4	1002	10	378383	None
bin.24	94.37	0.65	Gradient Boost (General Model)	11	0.889	69155	307.30782122905026	1853126	0.61	1790	39	159632	None
bin.25	36.28	0.14	Neural Network (Specific Model)	11	0.871	4785	275.95762711864404	895946	0.6	944	197	16901	None
bin.26	14.72	0.0	Neural Network (Specific Model)	11	0.879	3488	260.4730941704036	395889	0.6	446	110	8490	None
bin.27	78.57	0.0	Neural Network (Specific Model)	11	0.908	213247	299.3317610062893	1256432	0.31	1272	14	226934	None
bin.28	16.29	0.0	Neural Network (Specific Model)	11	0.882	74150	323.97222222222223	356872	0.52	324	6	152366	None
bin.29	36.43	0.37	Neural Network (Specific Model)	11	0.883	71380	323.7933810375671	1228440	0.43	1118	34	129499	None
bin.3	51.4	0.0	Neural Network (Specific Model)	11	0.882	101701	314.73225806451615	1325924	0.54	1240	19	254882	None
bin.30	100.0	0.21	Gradient Boost (General Model)	11	0.91	79488	332.4073860357761	1896299	0.54	1733	37	190081	None
bin.31	9.84	0.0	Neural Network (Specific Model)	11	0.848	95496	337.67782426778246	285317	0.42	239	4	132694	None
bin.32	99.54	0.43	Neural Network (Specific Model)	11	0.863	104617	350.90256709451575	2089027	0.63	1714	32	176684	None
bin.33	40.5	0.2	Neural Network (Specific Model)	11	0.911	44043	286.8257345491388	929640	0.3	987	31	102937	None
bin.34	27.16	0.01	Neural Network (Specific Model)	11	0.871	73045	330.41910966340936	1047181	0.47	921	22	110251	None
bin.35	6.33	0.01	Neural Network (Specific Model)	11	0.868	24574	283.5781990521327	206066	0.51	211	13	53193	None
bin.36	95.11	11.42	Neural Network (Specific Model)	11	0.887	12406	280.86269354367516	3241652	0.34	3423	371	63259	None
bin.37	40.25	0.74	Gradient Boost (General Model)	11	0.914	4486	275.81442392260334	1027600	0.6	1137	235	14797	None
bin.38	10.86	0.0	Neural Network (Specific Model)	11	0.866	117511	316.12	273531	0.52	250	4	129621	None
bin.39	18.54	0.01	Neural Network (Specific Model)	11	0.865	129586	291.04824561403507	458970	0.41	456	6	218680	None
bin.4	55.75	0.02	Neural Network (Specific Model)	11	0.872	85828	296.9679098005204	1176483	0.52	1153	19	117145	None
bin.40	86.24	0.37	Gradient Boost (General Model)	11	0.887	178693	323.03651505445225	1703005	0.52	1561	17	284507	None
bin.41	8.85	0.0	Neural Network (Specific Model)	11	0.892	46964	332.4142394822006	344722	0.55	309	9	64044	None
bin.42	19.57	0.12	Neural Network (Specific Model)	11	0.859	42718	334.6122807017544	664934	0.41	570	31	62576	None
bin.43	47.17	0.68	Neural Network (Specific Model)	11	0.885	7507	285.9891657638137	893389	0.44	923	141	21284	None
bin.44	70.32	0.28	Gradient Boost (General Model)	11	0.888	6442	304.46284634760707	1630823	0.61	1588	283	24442	None
bin.45	7.75	0.0	Neural Network (Specific Model)	11	0.867	31647	303.49795918367346	257040	0.46	245	11	74704	None
bin.46	31.49	0.0	Neural Network (Specific Model)	11	0.912	4072	284.22536585365856	955891	0.48	1025	227	14228	None
bin.47	33.91	0.24	Neural Network (Specific Model)	11	0.903	113973	295.0962343096234	934784	0.3	956	18	124268	None
bin.48	34.58	0.05	Neural Network (Specific Model)	11	0.892	67463	319.92606516290726	857083	0.53	798	16	124643	None
bin.5	14.19	0.0	Neural Network (Specific Model)	11	0.894	135497	322.2710280373832	231050	0.43	214	3	135497	None
bin.6	52.03	0.08	Neural Network (Specific Model)	11	0.89	45313	329.9137055837563	1530670	0.49	1379	49	119074	None
bin.7	48.91	0.07	Gradient Boost (General Model)	11	0.9	40762	295.7687132043734	1169956	0.3	1189	46	132517	None
bin.8	64.92	4.15	Gradient Boost (General Model)	11	0.909	82684	302.2310838445808	1948499	0.31	1956	37	199845	None
bin.9	12.01	0.0	Neural Network (Specific Model)	11	0.917	3968	274.2180293501048	426943	0.44	477	110	9308	None
