seq_name	length	topology	coordinates	n_genes	genetic_code	virus_score	fdr	n_hallmarks	marker_enrichment	taxonomy
k141_18955	23499	No terminal repeats	NA	23	11	0.9832	NA	6	31.6787	Viruses;Duplodnaviria;Heunggongvirae;Uroviricota;Caudoviricetes;;
k141_18867	24812	No terminal repeats	NA	21	11	0.9830	NA	6	28.2421	Viruses;Duplodnaviria;Heunggongvirae;Uroviricota;Caudoviricetes;;
k141_68315	4439	No terminal repeats	NA	7	11	0.9829	NA	4	11.2528	Viruses;Duplodnaviria;Heunggongvirae;Uroviricota;Caudoviricetes;;
k141_39761	7910	No terminal repeats	NA	11	11	0.9828	NA	2	13.2347	Viruses;Duplodnaviria;Heunggongvirae;Uroviricota;Caudoviricetes;;
k141_32476	3931	No terminal repeats	NA	6	11	0.9828	NA	2	9.7950	Viruses;Duplodnaviria;Heunggongvirae;Uroviricota;Caudoviricetes;;
k141_67855	12831	No terminal repeats	NA	11	11	0.9828	NA	2	14.4093	Viruses;Duplodnaviria;Heunggongvirae;Uroviricota;Caudoviricetes;;
k141_11497	13450	No terminal repeats	NA	19	11	0.9827	NA	7	30.2724	Viruses;Duplodnaviria;Heunggongvirae;Uroviricota;Caudoviricetes;;
k141_71057	4032	No terminal repeats	NA	10	11	0.9827	NA	3	13.0859	Viruses;Duplodnaviria;Heunggongvirae;Uroviricota;Caudoviricetes;;
k141_61066	2358	No terminal repeats	NA	4	11	0.9827	NA	1	6.8731	Viruses;Duplodnaviria;Heunggongvirae;Uroviricota;Caudoviricetes;;
k141_39782	7851	No terminal repeats	NA	11	11	0.9827	NA	2	13.7178	Viruses;Duplodnaviria;Heunggongvirae;Uroviricota;Caudoviricetes;;
k141_67892	12842	No terminal repeats	NA	11	11	0.9826	NA	2	14.4093	Viruses;Duplodnaviria;Heunggongvirae;Uroviricota;Caudoviricetes;;
k141_63384|provirus_2_29533	29532	Provirus	2-29533	41	11	0.9825	NA	11	55.8809	Viruses;Duplodnaviria;Heunggongvirae;Uroviricota;Caudoviricetes;;
k141_67905	5292	No terminal repeats	NA	8	11	0.9824	NA	0	12.4622	Viruses;Duplodnaviria;Heunggongvirae;Uroviricota;Caudoviricetes;;
k141_36648	6562	No terminal repeats	NA	6	11	0.9824	NA	1	9.5225	Viruses;Duplodnaviria;Heunggongvirae;Uroviricota;Caudoviricetes;;
k141_48922	6885	No terminal repeats	NA	7	11	0.9823	NA	3	9.7556	Viruses;Duplodnaviria;Heunggongvirae;Uroviricota;Caudoviricetes;;
k141_64925	17665	No terminal repeats	NA	25	11	0.9823	NA	9	31.5278	Viruses;Duplodnaviria;Heunggongvirae;Uroviricota;Caudoviricetes;;
k141_66311	17087	No terminal repeats	NA	34	11	0.9823	NA	0	42.5769	Viruses;Duplodnaviria;Heunggongvirae;Uroviricota;Caudoviricetes;;
k141_18690	3896	No terminal repeats	NA	6	11	0.9823	NA	2	10.0741	Viruses;Duplodnaviria;Heunggongvirae;Uroviricota;Caudoviricetes;;
k141_49235	6046	No terminal repeats	NA	9	11	0.9822	NA	0	9.9295	Viruses;Duplodnaviria;Heunggongvirae;Uroviricota;Caudoviricetes;;
k141_35245|provirus_24952_89403	64452	Provirus	24952-89403	107	11	0.9820	NA	17	102.9028	Viruses;Duplodnaviria;Heunggongvirae;Uroviricota;Caudoviricetes;;
k141_31436	12364	No terminal repeats	NA	27	11	0.9820	NA	0	36.0839	Viruses;Duplodnaviria;Heunggongvirae;Uroviricota;Caudoviricetes;;
k141_57630	4479	No terminal repeats	NA	5	11	0.9820	NA	3	7.7804	Viruses;Duplodnaviria;Heunggongvirae;Uroviricota;Caudoviricetes;;
k141_41372	3440	No terminal repeats	NA	3	11	0.9818	NA	2	5.1548	Viruses;Duplodnaviria;Heunggongvirae;Uroviricota;Caudoviricetes;;
k141_57921|provirus_152_43561	43410	Provirus	152-43561	59	11	0.9818	NA	15	64.5155	Viruses;Duplodnaviria;Heunggongvirae;Uroviricota;Caudoviricetes;;
k141_71803	31525	DTR	NA	48	11	0.9817	NA	14	54.4605	Viruses;Duplodnaviria;Heunggongvirae;Uroviricota;Caudoviricetes;;
k141_46065	4754	No terminal repeats	NA	9	11	0.9817	NA	1	13.3461	Viruses;Duplodnaviria;Heunggongvirae;Uroviricota;Caudoviricetes;;
k141_12197	36071	No terminal repeats	NA	52	11	0.9816	NA	14	71.6927	Viruses;Duplodnaviria;Heunggongvirae;Uroviricota;Caudoviricetes;;
k141_54941	5512	No terminal repeats	NA	5	11	0.9814	NA	3	7.9723	Viruses;Duplodnaviria;Heunggongvirae;Uroviricota;Caudoviricetes;;
k141_46661	4530	No terminal repeats	NA	10	11	0.9814	NA	0	13.3499	Viruses;Duplodnaviria;Heunggongvirae;Uroviricota;Caudoviricetes;;
k141_36386	2629	No terminal repeats	NA	6	11	0.9814	NA	0	8.5914	Viruses;Duplodnaviria;Heunggongvirae;Uroviricota;Caudoviricetes;;
k141_5973	2688	No terminal repeats	NA	9	11	0.9814	NA	1	13.3038	Viruses;Duplodnaviria;Heunggongvirae;Uroviricota;Caudoviricetes;;
k141_3428|provirus_11796_67644	55849	Provirus	11796-67644	79	11	0.9814	NA	7	86.7230	Viruses;Duplodnaviria;Heunggongvirae;Uroviricota;Caudoviricetes;;
k141_57726	3185	No terminal repeats	NA	3	11	0.9812	NA	2	4.8703	Viruses;Duplodnaviria;Heunggongvirae;Uroviricota;Caudoviricetes;;
k141_54719	5100	No terminal repeats	NA	11	11	0.9811	NA	0	9.1035	Viruses;Duplodnaviria;Heunggongvirae;Uroviricota;Caudoviricetes;;
k141_20693|provirus_15598_63893	48296	Provirus	15598-63893	70	11	0.9811	NA	15	75.7874	Viruses;Duplodnaviria;Heunggongvirae;Uroviricota;Caudoviricetes;;
k141_65278	3827	No terminal repeats	NA	4	11	0.9810	NA	0	6.3947	Viruses;Duplodnaviria;Heunggongvirae;Uroviricota;Caudoviricetes;;
k141_27929	2028	No terminal repeats	NA	3	11	0.9808	NA	2	5.1548	Viruses;Duplodnaviria;Heunggongvirae;Uroviricota;Caudoviricetes;;
k141_26993	2731	No terminal repeats	NA	5	11	0.9806	NA	0	6.8731	Viruses;Duplodnaviria;Heunggongvirae;Uroviricota;Caudoviricetes;;
k141_36364	2638	No terminal repeats	NA	7	11	0.9806	NA	0	10.3097	Viruses;Duplodnaviria;Heunggongvirae;Uroviricota;Caudoviricetes;;
k141_69321	1990	No terminal repeats	NA	7	11	0.9806	NA	1	12.0280	Viruses;Duplodnaviria;Heunggongvirae;Uroviricota;Caudoviricetes;;
k141_53416	2870	No terminal repeats	NA	9	11	0.9805	NA	0	10.3097	Viruses;Duplodnaviria;Heunggongvirae;Uroviricota;Caudoviricetes;;
k141_4508	3057	No terminal repeats	NA	5	11	0.9805	NA	2	8.1433	Viruses;Duplodnaviria;Heunggongvirae;Uroviricota;Caudoviricetes;;
k141_68973	1270	No terminal repeats	NA	3	11	0.9804	NA	1	5.1548	Viruses;Duplodnaviria;Heunggongvirae;Uroviricota;Caudoviricetes;;
k141_14813	1936	No terminal repeats	NA	3	11	0.9802	NA	1	4.5775	Viruses;Duplodnaviria;Heunggongvirae;Uroviricota;Caudoviricetes;;
k141_21641	16038	No terminal repeats	NA	21	11	0.9801	NA	5	26.2274	Viruses;Duplodnaviria;Heunggongvirae;Uroviricota;Caudoviricetes;;
k141_38323	4600	No terminal repeats	NA	10	11	0.9801	NA	1	10.6634	Viruses;Duplodnaviria;Heunggongvirae;Uroviricota;Caudoviricetes;;
k141_52409	29048	No terminal repeats	NA	36	11	0.9799	NA	13	43.5195	Viruses;Duplodnaviria;Heunggongvirae;Uroviricota;Caudoviricetes;;
k141_5598	5087	No terminal repeats	NA	7	11	0.9799	NA	0	8.5836	Viruses;Duplodnaviria;Heunggongvirae;Uroviricota;Caudoviricetes;;
k141_20245	3767	No terminal repeats	NA	6	11	0.9798	NA	3	9.6363	Viruses;Duplodnaviria;Heunggongvirae;Uroviricota;Caudoviricetes;;
k141_9620|provirus_265_57201	56937	Provirus	265-57201	77	11	0.9798	NA	8	108.6657	Viruses;Duplodnaviria;Heunggongvirae;Uroviricota;Caudoviricetes;;
k141_37797	11322	No terminal repeats	NA	10	11	0.9797	NA	3	12.4024	Viruses;Duplodnaviria;Heunggongvirae;Uroviricota;Caudoviricetes;;
k141_26985	2840	No terminal repeats	NA	5	11	0.9797	NA	0	6.8731	Viruses;Duplodnaviria;Heunggongvirae;Uroviricota;Caudoviricetes;;
k141_36891	7540	No terminal repeats	NA	10	11	0.9796	NA	3	12.2671	Viruses;Duplodnaviria;Heunggongvirae;Uroviricota;Caudoviricetes;;
k141_11564	35376	No terminal repeats	NA	47	11	0.9796	NA	14	58.8035	Viruses;Duplodnaviria;Heunggongvirae;Uroviricota;Caudoviricetes;;
k141_18198	41007	No terminal repeats	NA	39	11	0.9796	NA	8	61.1723	Viruses;Duplodnaviria;Heunggongvirae;Uroviricota;Caudoviricetes;;
k141_3786	5732	No terminal repeats	NA	13	11	0.9795	NA	0	11.0299	Viruses;Duplodnaviria;Heunggongvirae;Uroviricota;Caudoviricetes;;
k141_12057	2204	No terminal repeats	NA	2	11	0.9795	NA	1	3.0158	Viruses;Duplodnaviria;Heunggongvirae;Uroviricota;Caudoviricetes;Crassvirales;
k141_36523|provirus_180_6804	6625	Provirus	180-6804	7	11	0.9795	NA	3	7.4310	Viruses;Duplodnaviria;Heunggongvirae;Uroviricota;Caudoviricetes;;
k141_53557	56102	No terminal repeats	NA	89	11	0.9793	NA	11	98.0836	Viruses;Duplodnaviria;Heunggongvirae;Uroviricota;Caudoviricetes;;
k141_13401	8618	No terminal repeats	NA	13	11	0.9793	NA	4	17.9346	Viruses;Duplodnaviria;Heunggongvirae;Uroviricota;Caudoviricetes;;
k141_47648	14279	No terminal repeats	NA	20	11	0.9792	NA	6	17.3501	Viruses;Duplodnaviria;Heunggongvirae;Uroviricota;Caudoviricetes;;
k141_16632	4331	No terminal repeats	NA	3	11	0.9792	NA	1	4.5552	Viruses;Duplodnaviria;Heunggongvirae;Uroviricota;Caudoviricetes;;
k141_11415	1824	No terminal repeats	NA	3	11	0.9791	NA	1	4.8584	Viruses;Duplodnaviria;Heunggongvirae;Uroviricota;Caudoviricetes;;
k141_47537	5737	No terminal repeats	NA	12	11	0.9790	NA	1	15.3995	Viruses;Duplodnaviria;Heunggongvirae;Uroviricota;Caudoviricetes;;
k141_20508	2972	No terminal repeats	NA	4	11	0.9789	NA	2	6.6528	Viruses;Duplodnaviria;Heunggongvirae;Uroviricota;Caudoviricetes;;
k141_17531	7979	No terminal repeats	NA	19	11	0.9788	NA	0	9.6807	Viruses;Duplodnaviria;Heunggongvirae;Uroviricota;Caudoviricetes;;
k141_58286	9039	No terminal repeats	NA	12	11	0.9787	NA	2	15.2914	Viruses;Duplodnaviria;Heunggongvirae;Uroviricota;Caudoviricetes;;
k141_6080	21827	No terminal repeats	NA	32	11	0.9787	NA	9	36.9248	Viruses;Duplodnaviria;Heunggongvirae;Uroviricota;Caudoviricetes;;
k141_65834	3682	No terminal repeats	NA	3	11	0.9786	NA	1	4.6761	Viruses;Duplodnaviria;Heunggongvirae;Uroviricota;Caudoviricetes;;
k141_39526	9678	No terminal repeats	NA	18	11	0.9784	NA	3	15.9906	Viruses;Duplodnaviria;Heunggongvirae;Uroviricota;Caudoviricetes;;
k141_29458	5165	No terminal repeats	NA	10	11	0.9784	NA	1	11.8082	Viruses;Duplodnaviria;Heunggongvirae;Uroviricota;Caudoviricetes;;
k141_13107|provirus_16_4067	4052	Provirus	16-4067	9	11	0.9784	NA	0	10.7390	Viruses;Duplodnaviria;Heunggongvirae;Uroviricota;Caudoviricetes;;
k141_10983	7500	No terminal repeats	NA	14	11	0.9783	NA	0	19.4954	Viruses;Duplodnaviria;Heunggongvirae;Uroviricota;Caudoviricetes;;
k141_24335	3298	No terminal repeats	NA	5	11	0.9783	NA	4	7.6541	Viruses;Duplodnaviria;Heunggongvirae;Uroviricota;Caudoviricetes;;
k141_41987|provirus_14889_59218	44330	Provirus	14889-59218	58	11	0.9781	NA	10	48.2990	Viruses;Duplodnaviria;Heunggongvirae;Uroviricota;Caudoviricetes;;
k141_69528|provirus_12393_22138	9746	Provirus	12393-22138	14	11	0.9780	NA	3	13.9336	Viruses;Duplodnaviria;Heunggongvirae;Uroviricota;Caudoviricetes;;
k141_56679	7532	No terminal repeats	NA	16	11	0.9780	NA	1	13.9986	Viruses;Duplodnaviria;Heunggongvirae;Uroviricota;Caudoviricetes;;
k141_19301	7676	No terminal repeats	NA	10	11	0.9777	NA	7	12.9490	Viruses;Duplodnaviria;Heunggongvirae;Uroviricota;Caudoviricetes;;
k141_16050	4779	No terminal repeats	NA	4	11	0.9775	NA	1	4.4210	Viruses;Duplodnaviria;Heunggongvirae;Uroviricota;Caudoviricetes;;
k141_395	10841	No terminal repeats	NA	17	11	0.9775	NA	5	18.9888	Viruses;Duplodnaviria;Heunggongvirae;Uroviricota;Caudoviricetes;;
k141_11313	2770	No terminal repeats	NA	2	11	0.9773	NA	2	3.4366	Viruses;Duplodnaviria;Heunggongvirae;Uroviricota;Caudoviricetes;Crassvirales;
k141_21019	53850	No terminal repeats	NA	77	11	0.9771	NA	10	68.6947	Viruses;Duplodnaviria;Heunggongvirae;Uroviricota;Caudoviricetes;;
k141_7704	4922	No terminal repeats	NA	6	11	0.9771	NA	3	9.5155	Viruses;Duplodnaviria;Heunggongvirae;Uroviricota;Caudoviricetes;;
k141_18617|provirus_3_58698	58696	Provirus	3-58698	86	11	0.9770	NA	17	71.8702	Viruses;Duplodnaviria;Heunggongvirae;Uroviricota;Caudoviricetes;;
k141_22895	11625	No terminal repeats	NA	10	11	0.9769	NA	1	12.3652	Viruses;Duplodnaviria;Heunggongvirae;Uroviricota;Caudoviricetes;;
k141_52189	34065	No terminal repeats	NA	37	11	0.9766	NA	7	37.5064	Viruses;Duplodnaviria;Heunggongvirae;Uroviricota;Caudoviricetes;;
k141_37549	6477	No terminal repeats	NA	10	11	0.9766	NA	3	12.6839	Viruses;Duplodnaviria;Heunggongvirae;Uroviricota;Caudoviricetes;;
k141_58747	5604	No terminal repeats	NA	7	11	0.9762	NA	3	9.9794	Viruses;Duplodnaviria;Heunggongvirae;Uroviricota;Caudoviricetes;;
k141_31162	3308	No terminal repeats	NA	7	11	0.9762	NA	0	3.4366	Viruses;Duplodnaviria;Heunggongvirae;Uroviricota;Caudoviricetes;;
k141_41354|provirus_17770_25263	7494	Provirus	17770-25263	13	11	0.9762	NA	0	9.9224	Viruses;Duplodnaviria;Heunggongvirae;Uroviricota;Caudoviricetes;;
k141_48583|provirus_398_42618	42221	Provirus	398-42618	46	11	0.9758	NA	12	65.2019	Viruses;Duplodnaviria;Heunggongvirae;Uroviricota;Caudoviricetes;;
k141_16642	1491	No terminal repeats	NA	3	11	0.9758	NA	1	4.7076	Viruses;Duplodnaviria;Heunggongvirae;Uroviricota;Caudoviricetes;;
k141_492	7595	No terminal repeats	NA	9	11	0.9758	NA	5	10.2874	Viruses;Duplodnaviria;Heunggongvirae;Uroviricota;Caudoviricetes;;
k141_47912	7863	No terminal repeats	NA	11	11	0.9757	NA	0	7.2371	Viruses;Duplodnaviria;Heunggongvirae;Uroviricota;Caudoviricetes;;
k141_46067	5363	No terminal repeats	NA	6	11	0.9757	NA	0	5.9134	Viruses;Duplodnaviria;Heunggongvirae;Uroviricota;Caudoviricetes;;
k141_45541	3106	No terminal repeats	NA	3	11	0.9757	NA	2	4.0485	Viruses;Duplodnaviria;Heunggongvirae;Uroviricota;Caudoviricetes;;
k141_30427	5706	No terminal repeats	NA	11	11	0.9750	NA	0	12.2744	Viruses;Duplodnaviria;Heunggongvirae;Uroviricota;Caudoviricetes;;
k141_8748|provirus_2_5615	5614	Provirus	2-5615	8	11	0.9748	NA	0	9.7576	Viruses;Duplodnaviria;Heunggongvirae;Uroviricota;Caudoviricetes;;
k141_45359	8162	No terminal repeats	NA	20	11	0.9748	NA	1	22.1668	Viruses;Duplodnaviria;Heunggongvirae;Uroviricota;Caudoviricetes;;
k141_10866	2854	No terminal repeats	NA	3	11	0.9747	NA	2	3.2472	Viruses;Duplodnaviria;Heunggongvirae;Uroviricota;Caudoviricetes;;
k141_32123	6331	No terminal repeats	NA	14	11	0.9745	NA	1	13.2709	Viruses;Duplodnaviria;Heunggongvirae;Uroviricota;Caudoviricetes;;
k141_530	4149	No terminal repeats	NA	5	11	0.9744	NA	0	5.0861	Viruses;Duplodnaviria;Heunggongvirae;Uroviricota;Caudoviricetes;;
k141_68728	4955	No terminal repeats	NA	13	11	0.9744	NA	2	6.9596	Viruses;Duplodnaviria;Heunggongvirae;Uroviricota;Caudoviricetes;;
k141_13191	1138	No terminal repeats	NA	2	11	0.9742	NA	1	3.2868	Viruses;Duplodnaviria;Heunggongvirae;Uroviricota;Caudoviricetes;Crassvirales;
k141_3312	5453	No terminal repeats	NA	6	11	0.9737	NA	0	4.6148	Viruses;Duplodnaviria;Heunggongvirae;Uroviricota;Caudoviricetes;;
k141_62213|provirus_3_8550	8548	Provirus	3-8550	12	11	0.9736	NA	1	14.2433	Viruses;Duplodnaviria;Heunggongvirae;Uroviricota;Caudoviricetes;;
k141_71554	442	No terminal repeats	NA	1	11	0.9735	NA	1	1.5240	Viruses;Duplodnaviria;Heunggongvirae;Uroviricota;Caudoviricetes;;
k141_46524	2415	No terminal repeats	NA	1	11	0.9735	NA	1	1.7183	Viruses;Duplodnaviria;Heunggongvirae;Uroviricota;Caudoviricetes;Crassvirales;
k141_37746	5923	No terminal repeats	NA	6	11	0.9732	NA	3	7.2738	Viruses;Duplodnaviria;Heunggongvirae;Uroviricota;Caudoviricetes;;
k141_2344	19907	No terminal repeats	NA	25	11	0.9731	NA	7	33.0573	Viruses;Duplodnaviria;Heunggongvirae;Uroviricota;Caudoviricetes;;
k141_70965	2556	No terminal repeats	NA	5	11	0.9731	NA	0	2.9535	Viruses;Duplodnaviria;Heunggongvirae;Uroviricota;Caudoviricetes;;
k141_43633	2730	No terminal repeats	NA	7	11	0.9730	NA	6	11.2025	Viruses;Duplodnaviria;Heunggongvirae;Uroviricota;Caudoviricetes;;
k141_5199	2296	No terminal repeats	NA	2	11	0.9722	NA	2	2.9220	Viruses;Duplodnaviria;Heunggongvirae;Uroviricota;Caudoviricetes;;
k141_20240	1776	No terminal repeats	NA	2	11	0.9722	NA	1	2.8264	Viruses;Duplodnaviria;Heunggongvirae;Uroviricota;Caudoviricetes;;
k141_28139	3476	No terminal repeats	NA	8	11	0.9721	NA	1	8.2053	Viruses;Duplodnaviria;Heunggongvirae;Uroviricota;Caudoviricetes;;
k141_60812	1632	No terminal repeats	NA	4	11	0.9719	NA	1	6.6708	Viruses;Duplodnaviria;Heunggongvirae;Uroviricota;Caudoviricetes;;
k141_48029	2103	No terminal repeats	NA	5	11	0.9718	NA	1	7.6604	Viruses;Duplodnaviria;Heunggongvirae;Uroviricota;Caudoviricetes;;
k141_21033	3522	No terminal repeats	NA	6	11	0.9717	NA	0	7.6475	Viruses;Duplodnaviria;Heunggongvirae;Uroviricota;Caudoviricetes;;
k141_66113	537	No terminal repeats	NA	2	11	0.9717	NA	1	3.2362	Viruses;Duplodnaviria;Heunggongvirae;Uroviricota;Caudoviricetes;;
k141_18281	2016	No terminal repeats	NA	3	11	0.9714	NA	1	5.1307	Viruses;Duplodnaviria;Heunggongvirae;Uroviricota;Caudoviricetes;;
k141_57393	21221	No terminal repeats	NA	25	11	0.9712	NA	10	32.0267	Viruses;Duplodnaviria;Heunggongvirae;Uroviricota;Caudoviricetes;;
k141_37790	7722	No terminal repeats	NA	8	11	0.9711	NA	2	13.2892	Viruses;Duplodnaviria;Heunggongvirae;Uroviricota;Caudoviricetes;;
k141_66403	4586	No terminal repeats	NA	1	11	0.9711	NA	0	1.7183	Viruses;Duplodnaviria;Heunggongvirae;Uroviricota;Caudoviricetes;Crassvirales;Suoliviridae
k141_5706	2832	No terminal repeats	NA	8	11	0.9711	NA	0	12.0280	Viruses;Duplodnaviria;Heunggongvirae;Uroviricota;Caudoviricetes;;
k141_36826|provirus_48217_107017	58801	Provirus	48217-107017	79	11	0.9710	NA	15	80.4154	Viruses;Duplodnaviria;Heunggongvirae;Uroviricota;Caudoviricetes;;
k141_70943	18428	No terminal repeats	NA	28	11	0.9708	NA	7	28.8167	Viruses;Duplodnaviria;Heunggongvirae;Uroviricota;Caudoviricetes;;
k141_10060|provirus_6292_51341	45050	Provirus	6292-51341	59	11	0.9708	NA	14	67.1536	Viruses;Duplodnaviria;Heunggongvirae;Uroviricota;Caudoviricetes;;
k141_48530	808	No terminal repeats	NA	1	11	0.9707	NA	1	1.7183	Viruses;Duplodnaviria;Heunggongvirae;Uroviricota;Caudoviricetes;;
k141_3487	2930	No terminal repeats	NA	3	11	0.9704	NA	1	5.1307	Viruses;Duplodnaviria;Heunggongvirae;Uroviricota;Caudoviricetes;;
k141_59872	3925	No terminal repeats	NA	7	11	0.9701	NA	0	7.0440	Viruses;Duplodnaviria;Heunggongvirae;Uroviricota;Caudoviricetes;;
k141_65059	712	No terminal repeats	NA	3	11	0.9700	NA	3	5.1548	Viruses;Duplodnaviria;Heunggongvirae;Uroviricota;Caudoviricetes;;
k141_48923	5219	No terminal repeats	NA	10	11	0.9700	NA	2	9.0153	Viruses;Duplodnaviria;Heunggongvirae;Uroviricota;Caudoviricetes;;
k141_46835	676	No terminal repeats	NA	1	11	0.9696	NA	1	1.7183	Viruses;Duplodnaviria;Heunggongvirae;Uroviricota;Caudoviricetes;;
k141_40423	2627	No terminal repeats	NA	3	11	0.9695	NA	0	4.9236	Viruses;Duplodnaviria;Heunggongvirae;Uroviricota;Caudoviricetes;;
k141_6873	1361	No terminal repeats	NA	5	11	0.9694	NA	1	6.5002	Viruses;Duplodnaviria;Heunggongvirae;Uroviricota;Caudoviricetes;;
k141_38357	2707	No terminal repeats	NA	5	11	0.9692	NA	1	6.7982	Viruses;Duplodnaviria;Heunggongvirae;Uroviricota;Caudoviricetes;;
k141_49815	3992	No terminal repeats	NA	1	11	0.9692	NA	0	1.7183	Viruses;Duplodnaviria;Heunggongvirae;Uroviricota;Caudoviricetes;Crassvirales;
k141_70821|provirus_230184_300188	70005	Provirus	230184-300188	65	11	0.9690	NA	2	70.1417	Viruses;Duplodnaviria;Heunggongvirae;Uroviricota;Caudoviricetes;;
k141_65623	15150	No terminal repeats	NA	16	11	0.9689	NA	3	15.3689	Viruses;Duplodnaviria;Heunggongvirae;Uroviricota;Caudoviricetes;;
k141_16737	4705	No terminal repeats	NA	5	11	0.9688	NA	1	4.8502	Viruses;Duplodnaviria;Heunggongvirae;Uroviricota;Caudoviricetes;;
k141_41496	724	No terminal repeats	NA	2	11	0.9688	NA	2	3.4366	Viruses;Duplodnaviria;Heunggongvirae;Uroviricota;Caudoviricetes;;
k141_25121	6255	No terminal repeats	NA	7	11	0.9687	NA	0	3.0033	Viruses;Duplodnaviria;Heunggongvirae;Uroviricota;Caudoviricetes;;
k141_18233	5945	No terminal repeats	NA	12	11	0.9684	NA	0	8.4822	Viruses;Duplodnaviria;Heunggongvirae;Uroviricota;Caudoviricetes;;
k141_40505|provirus_2_11737	11736	Provirus	2-11737	20	11	0.9683	NA	2	12.4182	Viruses;Duplodnaviria;Heunggongvirae;Uroviricota;Caudoviricetes;;
k141_47459	537	No terminal repeats	NA	2	11	0.9683	NA	1	3.4366	Viruses;Duplodnaviria;Heunggongvirae;Uroviricota;Caudoviricetes;;
k141_60880	1587	No terminal repeats	NA	3	11	0.9679	NA	3	4.7019	Viruses;Duplodnaviria;Heunggongvirae;Uroviricota;Caudoviricetes;;
k141_25486	3802	No terminal repeats	NA	4	11	0.9678	NA	0	3.3921	Viruses;Duplodnaviria;Heunggongvirae;Uroviricota;Caudoviricetes;;
k141_16786	2624	No terminal repeats	NA	6	11	0.9677	NA	3	6.4171	Viruses;Duplodnaviria;Heunggongvirae;Uroviricota;Caudoviricetes;;
k141_26297|provirus_40787_72187	31401	Provirus	40787-72187	31	11	0.9675	NA	3	41.8243	Viruses;Duplodnaviria;Heunggongvirae;Uroviricota;Caudoviricetes;;
k141_8149|provirus_2_25408	25407	Provirus	2-25408	35	11	0.9675	NA	4	18.6189	Viruses;Duplodnaviria;Heunggongvirae;Uroviricota;Caudoviricetes;;
k141_70910	719	No terminal repeats	NA	3	11	0.9674	NA	2	5.1548	Viruses;Duplodnaviria;Heunggongvirae;Uroviricota;Caudoviricetes;;
k141_9509	2718	No terminal repeats	NA	2	11	0.9674	NA	2	2.9442	Viruses;Duplodnaviria;Heunggongvirae;Uroviricota;Caudoviricetes;;
k141_50339	2756	No terminal repeats	NA	6	11	0.9671	NA	1	5.6957	Viruses;Duplodnaviria;Heunggongvirae;Uroviricota;Caudoviricetes;;
k141_46264	3181	No terminal repeats	NA	3	11	0.9671	NA	1	4.2704	Viruses;Duplodnaviria;Heunggongvirae;Uroviricota;Caudoviricetes;;
k141_11146	464	No terminal repeats	NA	1	11	0.9667	NA	1	1.7183	Viruses;Duplodnaviria;Heunggongvirae;Uroviricota;Caudoviricetes;;
k141_23728|provirus_6282_16092	9811	Provirus	6282-16092	10	11	0.9666	NA	2	14.9468	Viruses;Duplodnaviria;Heunggongvirae;Uroviricota;Caudoviricetes;;
k141_53684|provirus_6595_16412	9818	Provirus	6595-16412	16	11	0.9666	NA	2	7.6505	Viruses;Duplodnaviria;Heunggongvirae;Uroviricota;Caudoviricetes;;
k141_6297	3897	No terminal repeats	NA	5	11	0.9664	NA	1	6.8657	Viruses;Duplodnaviria;Heunggongvirae;Uroviricota;Caudoviricetes;;
k141_70490	27776	No terminal repeats	NA	36	11	0.9663	NA	13	43.6543	Viruses;Duplodnaviria;Heunggongvirae;Uroviricota;Caudoviricetes;;
k141_50411	8593	No terminal repeats	NA	17	11	0.9659	NA	2	12.7608	Viruses;Duplodnaviria;Heunggongvirae;Uroviricota;Caudoviricetes;;
k141_14140|provirus_57806_93484	35679	Provirus	57806-93484	49	11	0.9654	NA	11	40.8303	Viruses;Duplodnaviria;Heunggongvirae;Uroviricota;Caudoviricetes;;
k141_37439	7601	No terminal repeats	NA	11	11	0.9654	NA	4	10.1169	Viruses;Duplodnaviria;Heunggongvirae;Uroviricota;Caudoviricetes;;
k141_48999	1029	No terminal repeats	NA	3	11	0.9652	NA	1	4.9544	Viruses;Duplodnaviria;Heunggongvirae;Uroviricota;Caudoviricetes;;
k141_19451	112271	No terminal repeats	NA	147	11	0.9650	NA	24	92.1624	Viruses;Duplodnaviria;Heunggongvirae;Uroviricota;Caudoviricetes;;
k141_29022	3473	No terminal repeats	NA	9	11	0.9645	NA	0	5.7397	Viruses;Duplodnaviria;Heunggongvirae;Uroviricota;Caudoviricetes;;
k141_35994	3032	No terminal repeats	NA	1	11	0.9644	NA	0	1.7183	Viruses;Duplodnaviria;Heunggongvirae;Uroviricota;Caudoviricetes;;
k141_14760	770	No terminal repeats	NA	2	11	0.9643	NA	1	3.4366	Viruses;Duplodnaviria;Heunggongvirae;Uroviricota;Caudoviricetes;;
k141_67850	2224	No terminal repeats	NA	3	11	0.9642	NA	1	5.1307	Viruses;Duplodnaviria;Heunggongvirae;Uroviricota;Caudoviricetes;;
k141_30496	2575	No terminal repeats	NA	4	11	0.9640	NA	2	5.0808	Viruses;Duplodnaviria;Heunggongvirae;Uroviricota;Caudoviricetes;;
k141_40960	3399	No terminal repeats	NA	4	11	0.9639	NA	1	4.9392	Viruses;Duplodnaviria;Heunggongvirae;Uroviricota;Caudoviricetes;;
k141_6948|provirus_3442_15027	11586	Provirus	3442-15027	11	11	0.9638	NA	2	14.9468	Viruses;Duplodnaviria;Heunggongvirae;Uroviricota;Caudoviricetes;;
k141_70327	2138	No terminal repeats	NA	3	11	0.9637	NA	1	4.8116	Viruses;Duplodnaviria;Heunggongvirae;Uroviricota;Caudoviricetes;;
k141_36507	761	No terminal repeats	NA	1	11	0.9636	NA	1	1.5138	Viruses;Duplodnaviria;Heunggongvirae;Uroviricota;Caudoviricetes;;
k141_38457	310	No terminal repeats	NA	1	11	0.9636	NA	1	1.7183	Viruses;Duplodnaviria;Heunggongvirae;Uroviricota;Caudoviricetes;;
k141_26608	1601	No terminal repeats	NA	3	11	0.9635	NA	1	5.0295	Viruses;Duplodnaviria;Heunggongvirae;Uroviricota;Caudoviricetes;;
k141_49896	2338	No terminal repeats	NA	4	11	0.9632	NA	2	4.0172	Viruses;Duplodnaviria;Heunggongvirae;Uroviricota;Caudoviricetes;;
k141_6053	1804	No terminal repeats	NA	2	11	0.9631	NA	1	3.2103	Viruses;Duplodnaviria;Heunggongvirae;Uroviricota;Caudoviricetes;;
k141_58603	4266	No terminal repeats	NA	5	11	0.9627	NA	3	5.4101	Viruses;Duplodnaviria;Heunggongvirae;Uroviricota;Caudoviricetes;;
k141_20669|provirus_93_12029	11937	Provirus	93-12029	16	11	0.9626	NA	3	16.3889	Viruses;Duplodnaviria;Heunggongvirae;Uroviricota;Caudoviricetes;;
k141_61062	1605	No terminal repeats	NA	5	11	0.9624	NA	1	4.7752	Viruses;Duplodnaviria;Heunggongvirae;Uroviricota;Caudoviricetes;;
k141_43614	49420	No terminal repeats	NA	56	11	0.9622	NA	9	47.1725	Viruses;Duplodnaviria;Heunggongvirae;Uroviricota;Caudoviricetes;;
k141_26176|provirus_50458_62909	12452	Provirus	50458-62909	13	11	0.9614	NA	2	9.2025	Viruses;Duplodnaviria;Heunggongvirae;Uroviricota;Caudoviricetes;;
k141_4616|provirus_2_14509	14508	Provirus	2-14509	16	11	0.9612	NA	4	17.1898	Viruses;Duplodnaviria;Heunggongvirae;Uroviricota;Caudoviricetes;;
k141_17568	801	No terminal repeats	NA	1	11	0.9609	NA	1	1.5138	Viruses;Duplodnaviria;Heunggongvirae;Uroviricota;Caudoviricetes;;
k141_40528	1425	No terminal repeats	NA	3	11	0.9607	NA	1	3.1133	Viruses;Duplodnaviria;Heunggongvirae;Uroviricota;Caudoviricetes;;
k141_48185	666	No terminal repeats	NA	2	11	0.9605	NA	1	2.9354	Viruses;Duplodnaviria;Heunggongvirae;Uroviricota;Caudoviricetes;;
k141_70846|provirus_95_54267	54173	Provirus	95-54267	65	11	0.9601	NA	11	62.9342	Viruses;Duplodnaviria;Heunggongvirae;Uroviricota;Caudoviricetes;;
k141_71023	2449	No terminal repeats	NA	4	11	0.9601	NA	1	3.9749	Viruses;Duplodnaviria;Heunggongvirae;Uroviricota;Caudoviricetes;;
k141_14735	1471	No terminal repeats	NA	2	11	0.9595	NA	1	3.4366	Viruses;Duplodnaviria;Heunggongvirae;Uroviricota;Caudoviricetes;;
k141_10219	1780	No terminal repeats	NA	1	11	0.9588	NA	1	1.7183	Viruses;Duplodnaviria;Heunggongvirae;Uroviricota;Caudoviricetes;;
k141_30879	21049	No terminal repeats	NA	21	11	0.9588	NA	3	22.3011	Viruses;Duplodnaviria;Heunggongvirae;Uroviricota;Caudoviricetes;;
k141_34721	3986	No terminal repeats	NA	8	11	0.9588	NA	0	3.6469	Viruses;Duplodnaviria;Heunggongvirae;Uroviricota;Caudoviricetes;;
k141_69558	1745	No terminal repeats	NA	2	11	0.9585	NA	2	3.2321	Viruses;Duplodnaviria;Heunggongvirae;Uroviricota;Caudoviricetes;;
k141_27995|provirus_11470_65574	54105	Provirus	11470-65574	50	11	0.9585	NA	3	35.5626	Viruses;Duplodnaviria;Heunggongvirae;Uroviricota;Caudoviricetes;;
k141_5953	1556	No terminal repeats	NA	2	11	0.9584	NA	1	3.4366	Viruses;Duplodnaviria;Heunggongvirae;Uroviricota;Caudoviricetes;;
k141_69299	1513	No terminal repeats	NA	3	11	0.9583	NA	2	4.6328	Viruses;Duplodnaviria;Heunggongvirae;Uroviricota;Caudoviricetes;;
k141_17791	314	No terminal repeats	NA	1	11	0.9578	NA	1	1.7183	Viruses;Duplodnaviria;Heunggongvirae;Uroviricota;Caudoviricetes;;
k141_71606	4831	No terminal repeats	NA	5	11	0.9574	NA	0	5.1466	Viruses;Duplodnaviria;Heunggongvirae;Uroviricota;Caudoviricetes;;
k141_3691	13444	No terminal repeats	NA	17	11	0.9569	NA	1	17.4941	Viruses;Duplodnaviria;Heunggongvirae;Uroviricota;Caudoviricetes;;
k141_43253	1691	No terminal repeats	NA	2	11	0.9567	NA	1	3.0034	Viruses;Duplodnaviria;Heunggongvirae;Uroviricota;Caudoviricetes;;
k141_19868	894	No terminal repeats	NA	1	11	0.9567	NA	1	1.7183	Viruses;Duplodnaviria;Heunggongvirae;Uroviricota;Caudoviricetes;;
k141_16123	361	No terminal repeats	NA	1	11	0.9567	NA	1	1.7183	Viruses;Duplodnaviria;Heunggongvirae;Uroviricota;Caudoviricetes;;
k141_22999	5294	No terminal repeats	NA	8	11	0.9566	NA	1	4.9564	Viruses;Duplodnaviria;Heunggongvirae;Uroviricota;Caudoviricetes;;
k141_9085	10680	No terminal repeats	NA	16	11	0.9565	NA	6	13.4547	Viruses;Duplodnaviria;Heunggongvirae;Uroviricota;Caudoviricetes;;
k141_43396	2359	No terminal repeats	NA	3	11	0.9564	NA	1	2.4585	Viruses;Duplodnaviria;Heunggongvirae;Uroviricota;Caudoviricetes;;
k141_81	2678	No terminal repeats	NA	7	11	0.9562	NA	0	3.1242	Viruses;Duplodnaviria;Heunggongvirae;Uroviricota;Caudoviricetes;;
k141_1147	7989	No terminal repeats	NA	15	11	0.9558	NA	1	6.9851	Viruses;Duplodnaviria;Heunggongvirae;Uroviricota;Caudoviricetes;;
k141_10394	808	No terminal repeats	NA	1	11	0.9554	NA	1	1.7183	Viruses;Duplodnaviria;Heunggongvirae;Uroviricota;Caudoviricetes;;
k141_66173	827	No terminal repeats	NA	3	11	0.9553	NA	2	3.4366	Viruses;Duplodnaviria;Heunggongvirae;Uroviricota;Caudoviricetes;;
k141_32936	22010	No terminal repeats	NA	25	11	0.9552	NA	4	13.5479	Viruses;Duplodnaviria;Heunggongvirae;Uroviricota;Caudoviricetes;;
k141_26297|provirus_83901_156392	72492	Provirus	83901-156392	98	11	0.9551	NA	4	114.5205	Viruses;Duplodnaviria;Heunggongvirae;Uroviricota;Caudoviricetes;;
k141_64279	3776	No terminal repeats	NA	7	11	0.9550	NA	1	2.7335	Viruses;Duplodnaviria;Heunggongvirae;Uroviricota;Caudoviricetes;;
k141_37423	4034	No terminal repeats	NA	7	11	0.9546	NA	0	4.5674	Viruses;Duplodnaviria;Heunggongvirae;Uroviricota;Caudoviricetes;;
k141_15577	791	No terminal repeats	NA	2	11	0.9545	NA	1	1.7183	Viruses;Duplodnaviria;Heunggongvirae;Uroviricota;Caudoviricetes;Crassvirales;Suoliviridae
k141_26799	859	No terminal repeats	NA	1	11	0.9535	NA	1	1.7183	Viruses;Duplodnaviria;Heunggongvirae;Uroviricota;Caudoviricetes;;
k141_11890	8263	No terminal repeats	NA	6	11	0.9534	NA	1	6.3914	Viruses;Duplodnaviria;Heunggongvirae;Uroviricota;Caudoviricetes;;
k141_13864	5749	No terminal repeats	NA	6	11	0.9533	NA	0	4.6619	Viruses;Duplodnaviria;Heunggongvirae;Uroviricota;Caudoviricetes;;
k141_2823	621	No terminal repeats	NA	1	11	0.9532	NA	1	1.7183	Viruses;Duplodnaviria;Heunggongvirae;Uroviricota;Caudoviricetes;;
k141_63843|provirus_11722_25303	13582	Provirus	11722-25303	22	11	0.9531	NA	1	16.5196	Viruses;Duplodnaviria;Heunggongvirae;Uroviricota;Caudoviricetes;;
k141_2358	9475	No terminal repeats	NA	14	11	0.9528	NA	6	12.9934	Viruses;Duplodnaviria;Heunggongvirae;Uroviricota;Caudoviricetes;;
k141_23019	4771	No terminal repeats	NA	6	11	0.9524	NA	0	2.8907	Viruses;Duplodnaviria;Heunggongvirae;Uroviricota;Caudoviricetes;;
k141_16571	2072	No terminal repeats	NA	1	11	0.9520	NA	1	1.7183	Viruses;Duplodnaviria;Heunggongvirae;Uroviricota;Caudoviricetes;;
k141_66262	2539	No terminal repeats	NA	3	11	0.9519	NA	0	1.7166	Viruses;Duplodnaviria;Heunggongvirae;Uroviricota;Caudoviricetes;;
k141_62022	1298	No terminal repeats	NA	3	11	0.9517	NA	2	4.3383	Viruses;Duplodnaviria;Heunggongvirae;Uroviricota;Caudoviricetes;;
k141_23538	1250	No terminal repeats	NA	2	11	0.9511	NA	1	3.4345	Viruses;Duplodnaviria;Heunggongvirae;Uroviricota;Caudoviricetes;;
k141_47396	511	No terminal repeats	NA	2	11	0.9510	NA	1	2.9074	Viruses;Duplodnaviria;Heunggongvirae;Uroviricota;Caudoviricetes;;
k141_59773	570	No terminal repeats	NA	1	11	0.9509	NA	1	1.7183	Viruses;Duplodnaviria;Heunggongvirae;Uroviricota;Caudoviricetes;;
k141_61603	995	No terminal repeats	NA	1	11	0.9509	NA	1	1.5137	Viruses;Duplodnaviria;Heunggongvirae;Uroviricota;Caudoviricetes;;
k141_37459	749	No terminal repeats	NA	4	11	0.9508	NA	1	6.3537	Viruses;Duplodnaviria;Heunggongvirae;Uroviricota;Caudoviricetes;;
k141_47968	3779	No terminal repeats	NA	6	11	0.9504	NA	0	2.3903	Viruses;Duplodnaviria;Heunggongvirae;Uroviricota;Caudoviricetes;;
k141_20379	3376	No terminal repeats	NA	5	11	0.9503	NA	0	4.2585	Viruses;Duplodnaviria;Heunggongvirae;Uroviricota;Caudoviricetes;;Autographiviridae
k141_23877	448	No terminal repeats	NA	1	11	0.9500	NA	1	1.5026	Viruses;Duplodnaviria;Heunggongvirae;Uroviricota;Caudoviricetes;;
k141_2963	1997	No terminal repeats	NA	4	11	0.9499	NA	1	4.1806	Viruses;Duplodnaviria;Heunggongvirae;Uroviricota;Caudoviricetes;;
k141_24462	2733	No terminal repeats	NA	6	11	0.9485	NA	0	6.4808	Viruses;Duplodnaviria;Heunggongvirae;Uroviricota;Caudoviricetes;;
k141_66189	2842	No terminal repeats	NA	5	11	0.9482	NA	0	6.8580	Viruses;Duplodnaviria;Heunggongvirae;Uroviricota;Caudoviricetes;;
k141_43029	3036	No terminal repeats	NA	5	11	0.9482	NA	2	6.6298	Viruses;Duplodnaviria;Heunggongvirae;Uroviricota;Caudoviricetes;;
k141_46078	580	No terminal repeats	NA	1	11	0.9476	NA	1	1.5173	Viruses;Duplodnaviria;Heunggongvirae;Uroviricota;Caudoviricetes;;
k141_20636	1195	No terminal repeats	NA	3	11	0.9470	NA	1	5.1247	Viruses;Duplodnaviria;Heunggongvirae;Uroviricota;Caudoviricetes;;
k141_32889	1152	No terminal repeats	NA	2	11	0.9467	NA	1	3.4038	Viruses;Duplodnaviria;Heunggongvirae;Uroviricota;Caudoviricetes;;
k141_69082	1155	No terminal repeats	NA	2	11	0.9461	NA	2	3.2163	Viruses;Duplodnaviria;Heunggongvirae;Uroviricota;Caudoviricetes;;
k141_22569	793	No terminal repeats	NA	3	11	0.9461	NA	1	3.4366	Viruses;Duplodnaviria;Heunggongvirae;Uroviricota;Caudoviricetes;;
k141_30407	858	No terminal repeats	NA	3	11	0.9455	NA	1	2.8958	Viruses;Duplodnaviria;Heunggongvirae;Uroviricota;Caudoviricetes;;
k141_61847	3027	No terminal repeats	NA	6	11	0.9454	NA	1	4.5105	Viruses;Duplodnaviria;Heunggongvirae;Uroviricota;Caudoviricetes;;
k141_35284	524	No terminal repeats	NA	3	11	0.9453	NA	1	3.4001	Viruses;Duplodnaviria;Heunggongvirae;Uroviricota;Caudoviricetes;;
k141_44986	2553	No terminal repeats	NA	4	11	0.9453	NA	1	3.2918	Viruses;Duplodnaviria;Heunggongvirae;Uroviricota;Caudoviricetes;;
k141_50229|provirus_2_7896	7895	Provirus	2-7896	12	11	0.9452	NA	3	7.8124	Viruses;Duplodnaviria;Heunggongvirae;Uroviricota;Caudoviricetes;;
k141_14262	11455	No terminal repeats	NA	23	11	0.9451	NA	2	12.9433	Viruses;Duplodnaviria;Heunggongvirae;Uroviricota;Caudoviricetes;;
k141_65908	802	No terminal repeats	NA	1	11	0.9450	NA	1	1.7183	Viruses;Duplodnaviria;Heunggongvirae;Uroviricota;Caudoviricetes;;
k141_53049	430	No terminal repeats	NA	1	11	0.9450	NA	1	1.7183	Viruses;Duplodnaviria;Heunggongvirae;Uroviricota;Caudoviricetes;;
k141_17537	934	No terminal repeats	NA	2	11	0.9449	NA	1	3.1830	Viruses;Duplodnaviria;Heunggongvirae;Uroviricota;Caudoviricetes;;
k141_22204	1747	No terminal repeats	NA	2	11	0.9448	NA	1	1.7183	Viruses;Duplodnaviria;Heunggongvirae;Uroviricota;Caudoviricetes;;
k141_50326	722	No terminal repeats	NA	1	11	0.9445	NA	1	1.7183	Viruses;Duplodnaviria;Heunggongvirae;Uroviricota;Caudoviricetes;;
k141_20547	3385	No terminal repeats	NA	7	11	0.9443	NA	0	1.7183	Viruses;Duplodnaviria;Heunggongvirae;Uroviricota;Caudoviricetes;;
k141_55600|provirus_323_14901	14579	Provirus	323-14901	25	11	0.9440	NA	0	7.8157	Viruses;Duplodnaviria;Heunggongvirae;Uroviricota;Caudoviricetes;;
k141_14336	1642	No terminal repeats	NA	2	11	0.9440	NA	2	2.9361	Viruses;Duplodnaviria;Heunggongvirae;Uroviricota;Caudoviricetes;;
k141_43464	353	No terminal repeats	NA	1	15	0.9440	NA	1	1.7183	Viruses;Duplodnaviria;Heunggongvirae;Uroviricota;Caudoviricetes;;
k141_65045	11944	No terminal repeats	NA	16	11	0.9439	NA	1	7.5336	Viruses;Duplodnaviria;Heunggongvirae;Uroviricota;Caudoviricetes;;
k141_31031	5518	No terminal repeats	NA	3	11	0.9439	NA	0	2.5546	Viruses;Duplodnaviria;Heunggongvirae;Uroviricota;Caudoviricetes;;
k141_28981	563	No terminal repeats	NA	2	11	0.9435	NA	2	3.1809	Viruses;Duplodnaviria;Heunggongvirae;Uroviricota;Caudoviricetes;;
k141_15842	6147	No terminal repeats	NA	8	11	0.9434	NA	1	7.0412	Viruses;Duplodnaviria;Heunggongvirae;Uroviricota;Caudoviricetes;;
k141_15250	1922	No terminal repeats	NA	5	11	0.9433	NA	2	6.7284	Viruses;Duplodnaviria;Heunggongvirae;Uroviricota;Caudoviricetes;;
k141_65073	2675	No terminal repeats	NA	1	11	0.9429	NA	0	1.7183	Viruses;Duplodnaviria;Heunggongvirae;Uroviricota;Caudoviricetes;;
k141_52578	3795	No terminal repeats	NA	5	11	0.9426	NA	0	2.7984	Viruses;Duplodnaviria;Heunggongvirae;Uroviricota;Caudoviricetes;;
k141_7026	829	No terminal repeats	NA	1	11	0.9423	NA	1	1.7183	Viruses;Duplodnaviria;Heunggongvirae;Uroviricota;Caudoviricetes;;
k141_54675	7017	No terminal repeats	NA	11	11	0.9422	NA	1	2.1598	Viruses;Duplodnaviria;Heunggongvirae;Uroviricota;Caudoviricetes;;
k141_61735	3683	No terminal repeats	NA	7	11	0.9422	NA	0	2.9070	Viruses;Duplodnaviria;Heunggongvirae;Uroviricota;Caudoviricetes;;
k141_63528	1254	No terminal repeats	NA	2	11	0.9419	NA	2	3.1932	Viruses;Duplodnaviria;Heunggongvirae;Uroviricota;Caudoviricetes;;
k141_38742|provirus_3731_25180	21450	Provirus	3731-25180	23	11	0.9416	NA	0	10.9213	Viruses;Duplodnaviria;Heunggongvirae;Uroviricota;Caudoviricetes;;
k141_61621|provirus_492_9940	9449	Provirus	492-9940	14	11	0.9413	NA	2	7.5439	Viruses;Duplodnaviria;Heunggongvirae;Uroviricota;Caudoviricetes;;
k141_45708	854	No terminal repeats	NA	3	11	0.9410	NA	1	3.2858	Viruses;Duplodnaviria;Heunggongvirae;Uroviricota;Caudoviricetes;;
k141_29427	4727	No terminal repeats	NA	7	11	0.9409	NA	0	1.5155	Viruses;Duplodnaviria;Heunggongvirae;Uroviricota;Caudoviricetes;;
k141_1949	429	No terminal repeats	NA	1	11	0.9406	NA	1	1.7183	Viruses;Duplodnaviria;Heunggongvirae;Uroviricota;Caudoviricetes;;
k141_23084	799	No terminal repeats	NA	2	11	0.9405	NA	1	3.3654	Viruses;Duplodnaviria;Heunggongvirae;Uroviricota;Caudoviricetes;;
k141_5653	316	No terminal repeats	NA	1	11	0.9398	NA	1	1.7183	Viruses;Duplodnaviria;Heunggongvirae;Uroviricota;Caudoviricetes;;
k141_53099	6439	No terminal repeats	NA	12	11	0.9397	NA	2	6.4961	Viruses;Duplodnaviria;Heunggongvirae;Uroviricota;Caudoviricetes;;
k141_37129	551	No terminal repeats	NA	3	11	0.9396	NA	2	3.4366	Viruses;Duplodnaviria;Heunggongvirae;Uroviricota;Caudoviricetes;;
k141_22059	337	No terminal repeats	NA	1	11	0.9393	NA	1	1.7183	Viruses;Duplodnaviria;Heunggongvirae;Uroviricota;Caudoviricetes;;
k141_37879	433	No terminal repeats	NA	1	11	0.9392	NA	1	1.7183	Viruses;Duplodnaviria;Heunggongvirae;Uroviricota;Caudoviricetes;;
k141_3908	1294	No terminal repeats	NA	1	11	0.9390	NA	1	1.7183	Viruses;Duplodnaviria;Heunggongvirae;Uroviricota;Caudoviricetes;;
k141_52602	1447	No terminal repeats	NA	3	11	0.9387	NA	1	1.5032	Viruses;Duplodnaviria;Heunggongvirae;Uroviricota;Caudoviricetes;;
k141_10416	382	No terminal repeats	NA	1	11	0.9383	NA	1	1.4211	Viruses;Duplodnaviria;Heunggongvirae;Uroviricota;Caudoviricetes;;
k141_52267	602	No terminal repeats	NA	2	11	0.9380	NA	1	1.7183	Viruses;Duplodnaviria;Heunggongvirae;Uroviricota;Caudoviricetes;;
k141_45763	366	No terminal repeats	NA	2	11	0.9378	NA	1	1.7183	Viruses;Duplodnaviria;Heunggongvirae;Uroviricota;Caudoviricetes;;
k141_5500	2962	No terminal repeats	NA	4	11	0.9377	NA	0	4.9036	Viruses;Duplodnaviria;Heunggongvirae;Uroviricota;Caudoviricetes;;
k141_42593	1108	No terminal repeats	NA	4	11	0.9370	NA	1	4.6354	Viruses;Duplodnaviria;Heunggongvirae;Uroviricota;Caudoviricetes;;
k141_42408|provirus_3_18996	18994	Provirus	3-18996	14	11	0.9364	NA	1	9.3408	Viruses;Duplodnaviria;Heunggongvirae;Uroviricota;Caudoviricetes;;
k141_2429	500	No terminal repeats	NA	1	11	0.9362	NA	1	1.7183	Viruses;Duplodnaviria;Heunggongvirae;Uroviricota;Caudoviricetes;;
k141_31824	3523	No terminal repeats	NA	7	11	0.9362	NA	0	1.8543	Viruses;Duplodnaviria;Heunggongvirae;Uroviricota;Caudoviricetes;;
k141_31094	3140	No terminal repeats	NA	8	11	0.9361	NA	0	7.7725	Viruses;Duplodnaviria;Heunggongvirae;Uroviricota;Caudoviricetes;;
k141_48359	2903	No terminal repeats	NA	1	11	0.9360	NA	0	1.7183	Viruses;Duplodnaviria;Heunggongvirae;Uroviricota;Caudoviricetes;;
k141_31996	619	No terminal repeats	NA	1	11	0.9360	NA	1	1.5061	Viruses;Duplodnaviria;Heunggongvirae;Uroviricota;Caudoviricetes;;
k141_27456	4828	No terminal repeats	NA	9	11	0.9351	NA	2	6.5122	Viruses;Monodnaviria;Loebvirae;Hofneiviricota;Faserviricetes;Tubulavirales;Inoviridae
k141_57566	2589	No terminal repeats	NA	2	11	0.9351	NA	0	1.2381	Viruses;Duplodnaviria;Heunggongvirae;Uroviricota;Caudoviricetes;;
k141_15808	3501	No terminal repeats	NA	5	11	0.9351	NA	0	3.4366	Viruses;Duplodnaviria;Heunggongvirae;Uroviricota;Caudoviricetes;;
k141_25836	848	No terminal repeats	NA	3	11	0.9348	NA	1	3.0554	Viruses;Duplodnaviria;Heunggongvirae;Uroviricota;Caudoviricetes;;
k141_60837	3554	No terminal repeats	NA	5	11	0.9346	NA	2	4.6100	Viruses;Duplodnaviria;Heunggongvirae;Uroviricota;Caudoviricetes;;
k141_59859	866	No terminal repeats	NA	1	11	0.9345	NA	1	1.7183	Viruses;Duplodnaviria;Heunggongvirae;Uroviricota;Caudoviricetes;;
k141_19590	485	No terminal repeats	NA	1	11	0.9340	NA	1	1.7183	Viruses;Duplodnaviria;Heunggongvirae;Uroviricota;Caudoviricetes;;
k141_56536	628	No terminal repeats	NA	2	11	0.9339	NA	1	3.1624	Viruses;Duplodnaviria;Heunggongvirae;Uroviricota;Caudoviricetes;;
k141_5684	2979	No terminal repeats	NA	7	11	0.9335	NA	0	12.0280	Viruses;Duplodnaviria;Heunggongvirae;Uroviricota;Caudoviricetes;;
k141_69787	721	No terminal repeats	NA	1	11	0.9332	NA	1	1.7183	Viruses;Duplodnaviria;Heunggongvirae;Uroviricota;Caudoviricetes;;
k141_62136	432	No terminal repeats	NA	1	11	0.9331	NA	1	1.7183	Viruses;Duplodnaviria;Heunggongvirae;Uroviricota;Caudoviricetes;;
k141_11577	665	No terminal repeats	NA	2	11	0.9329	NA	1	1.3711	Viruses;Duplodnaviria;Heunggongvirae;Uroviricota;Caudoviricetes;;
k141_40630	807	No terminal repeats	NA	3	11	0.9328	NA	2	4.7454	Viruses;Duplodnaviria;Heunggongvirae;Uroviricota;Caudoviricetes;;
k141_71565	625	No terminal repeats	NA	2	11	0.9327	NA	1	3.2860	Viruses;Duplodnaviria;Heunggongvirae;Uroviricota;Caudoviricetes;;
k141_54004	23884	No terminal repeats	NA	20	11	0.9326	NA	3	7.5677	Viruses;Duplodnaviria;Heunggongvirae;Uroviricota;Caudoviricetes;;
k141_9775	513	No terminal repeats	NA	1	11	0.9326	NA	1	1.7183	Viruses;Duplodnaviria;Heunggongvirae;Uroviricota;Caudoviricetes;;
k141_36777	6567	No terminal repeats	NA	9	11	0.9325	NA	0	5.5240	Unclassified
k141_10771	6337	No terminal repeats	NA	7	11	0.9321	NA	0	4.1681	Viruses;Duplodnaviria;Heunggongvirae;Uroviricota;Caudoviricetes;;
k141_62074	1606	No terminal repeats	NA	2	11	0.9313	NA	1	3.0405	Viruses;Duplodnaviria;Heunggongvirae;Uroviricota;Caudoviricetes;;
k141_64680	553	No terminal repeats	NA	1	11	0.9307	NA	1	1.7183	Viruses;Duplodnaviria;Heunggongvirae;Uroviricota;Caudoviricetes;;
k141_10136	1760	No terminal repeats	NA	3	11	0.9306	NA	1	3.4113	Viruses;Duplodnaviria;Heunggongvirae;Uroviricota;Caudoviricetes;;
k141_57677	406	No terminal repeats	NA	1	11	0.9304	NA	1	1.7183	Viruses;Duplodnaviria;Heunggongvirae;Uroviricota;Caudoviricetes;;
k141_56592	11196	No terminal repeats	NA	16	11	0.9304	NA	0	5.4044	Viruses;Duplodnaviria;Heunggongvirae;Uroviricota;Caudoviricetes;;
k141_69040	733	No terminal repeats	NA	1	11	0.9300	NA	1	1.2268	Viruses;Duplodnaviria;Heunggongvirae;Uroviricota;Caudoviricetes;;
k141_15473	369	No terminal repeats	NA	2	11	0.9299	NA	1	1.7183	Viruses;Duplodnaviria;Heunggongvirae;Uroviricota;Caudoviricetes;;
k141_35712	102909	No terminal repeats	NA	148	11	0.9297	NA	0	13.8720	Viruses;Duplodnaviria;Heunggongvirae;Uroviricota;Caudoviricetes;;
k141_4204	815	No terminal repeats	NA	1	11	0.9295	NA	1	1.1733	Viruses;Duplodnaviria;Heunggongvirae;Uroviricota;Caudoviricetes;;
k141_40851	486	No terminal repeats	NA	2	11	0.9294	NA	1	3.4366	Viruses;Duplodnaviria;Heunggongvirae;Uroviricota;Caudoviricetes;;
k141_71801	39265	DTR	NA	42	11	0.9294	NA	6	31.9105	Viruses;Duplodnaviria;Heunggongvirae;Uroviricota;Caudoviricetes;;
k141_71727	1049	No terminal repeats	NA	1	11	0.9284	NA	1	1.0831	Viruses;Duplodnaviria;Heunggongvirae;Uroviricota;Caudoviricetes;;
k141_59407	366	No terminal repeats	NA	1	11	0.9281	NA	1	1.7183	Viruses;Duplodnaviria;Heunggongvirae;Uroviricota;Caudoviricetes;;
k141_3152	8591	No terminal repeats	NA	10	11	0.9279	NA	1	7.8210	Viruses;Duplodnaviria;Heunggongvirae;Uroviricota;Caudoviricetes;;
k141_1550	943	No terminal repeats	NA	1	11	0.9279	NA	1	1.0831	Viruses;Duplodnaviria;Heunggongvirae;Uroviricota;Caudoviricetes;;
k141_44517	544	No terminal repeats	NA	2	11	0.9278	NA	2	3.2688	Viruses;Duplodnaviria;Heunggongvirae;Uroviricota;Caudoviricetes;;
k141_18673	488	No terminal repeats	NA	2	11	0.9276	NA	1	3.2361	Viruses;Duplodnaviria;Heunggongvirae;Uroviricota;Caudoviricetes;;
k141_40518	378	No terminal repeats	NA	1	11	0.9271	NA	1	1.7183	Viruses;Duplodnaviria;Heunggongvirae;Uroviricota;Caudoviricetes;;
k141_54643	2035	No terminal repeats	NA	4	11	0.9264	NA	2	6.8320	Viruses;Duplodnaviria;Heunggongvirae;Uroviricota;Caudoviricetes;;
k141_32918	1610	No terminal repeats	NA	2	11	0.9263	NA	1	3.1319	Viruses;Duplodnaviria;Heunggongvirae;Uroviricota;Caudoviricetes;;
k141_33681	517	No terminal repeats	NA	1	11	0.9262	NA	1	1.7183	Viruses;Duplodnaviria;Heunggongvirae;Uroviricota;Caudoviricetes;;
k141_6145	363	No terminal repeats	NA	1	11	0.9262	NA	1	1.7183	Viruses;Duplodnaviria;Heunggongvirae;Uroviricota;Caudoviricetes;;
k141_44605	380	No terminal repeats	NA	1	11	0.9260	NA	1	1.7183	Viruses;Duplodnaviria;Heunggongvirae;Uroviricota;Caudoviricetes;;
k141_2167	304	No terminal repeats	NA	1	11	0.9254	NA	1	1.0409	Viruses;Duplodnaviria;Heunggongvirae;Uroviricota;Caudoviricetes;;
k141_63678	699	No terminal repeats	NA	2	11	0.9253	NA	1	2.6575	Viruses;Duplodnaviria;Heunggongvirae;Uroviricota;Caudoviricetes;;
k141_35932	1730	No terminal repeats	NA	3	11	0.9245	NA	1	3.1542	Viruses;Duplodnaviria;Heunggongvirae;Uroviricota;Caudoviricetes;;
k141_57375	1298	No terminal repeats	NA	3	11	0.9245	NA	2	2.9844	Viruses;Duplodnaviria;Heunggongvirae;Uroviricota;Caudoviricetes;;
k141_39653|provirus_28690_44835	16146	Provirus	28690-44835	21	11	0.9244	NA	1	8.3582	Viruses;Duplodnaviria;Heunggongvirae;Uroviricota;Caudoviricetes;;
k141_11568	1099	No terminal repeats	NA	1	11	0.9244	NA	1	1.1823	Viruses;Duplodnaviria;Heunggongvirae;Uroviricota;Caudoviricetes;;
k141_63751	2698	No terminal repeats	NA	4	11	0.9240	NA	2	3.4366	Viruses;Duplodnaviria;Heunggongvirae;Uroviricota;Caudoviricetes;;
k141_50676|provirus_2_16190	16189	Provirus	2-16190	20	11	0.9237	NA	4	13.3703	Viruses;Duplodnaviria;Heunggongvirae;Uroviricota;Caudoviricetes;;
k141_58316	15096	No terminal repeats	NA	19	11	0.9233	NA	0	6.2772	Viruses;Duplodnaviria;Heunggongvirae;Uroviricota;Caudoviricetes;;
k141_10590	2258	No terminal repeats	NA	4	11	0.9230	NA	1	3.1542	Viruses;Duplodnaviria;Heunggongvirae;Uroviricota;Caudoviricetes;;
k141_33122|provirus_22857_36546	13690	Provirus	22857-36546	21	11	0.9228	NA	1	14.7777	Viruses;Duplodnaviria;Heunggongvirae;Uroviricota;Caudoviricetes;;
k141_42764	428	No terminal repeats	NA	1	11	0.9214	NA	1	1.2306	Viruses;Duplodnaviria;Heunggongvirae;Uroviricota;Caudoviricetes;;
k141_40145	352	No terminal repeats	NA	2	11	0.9211	NA	1	1.7157	Viruses;Duplodnaviria;Heunggongvirae;Uroviricota;Caudoviricetes;;
k141_62244	15000	No terminal repeats	NA	19	11	0.9210	NA	0	6.1308	Viruses;Duplodnaviria;Heunggongvirae;Uroviricota;Caudoviricetes;;
k141_8607	2815	No terminal repeats	NA	1	11	0.9205	NA	1	1.0831	Viruses;Duplodnaviria;Heunggongvirae;Uroviricota;Caudoviricetes;;
k141_5315	664	No terminal repeats	NA	1	11	0.9201	NA	1	1.2306	Viruses;Duplodnaviria;Heunggongvirae;Uroviricota;Caudoviricetes;;
k141_5078	7692	No terminal repeats	NA	8	11	0.9198	NA	0	3.7016	Viruses;Duplodnaviria;Heunggongvirae;Uroviricota;Caudoviricetes;;
k141_50435	536	No terminal repeats	NA	1	11	0.9197	NA	1	1.4877	Viruses;Duplodnaviria;Heunggongvirae;Uroviricota;Caudoviricetes;;
k141_30025	319	No terminal repeats	NA	1	11	0.9188	NA	1	1.4667	Viruses;Duplodnaviria;Heunggongvirae;Uroviricota;Caudoviricetes;;
k141_37163	527	No terminal repeats	NA	2	11	0.9185	NA	1	3.3954	Viruses;Duplodnaviria;Heunggongvirae;Uroviricota;Caudoviricetes;;
k141_11195	505	No terminal repeats	NA	1	11	0.9180	NA	1	1.2306	Viruses;Duplodnaviria;Heunggongvirae;Uroviricota;Caudoviricetes;;
k141_11328	17406	No terminal repeats	NA	17	11	0.9179	NA	2	12.1921	Viruses;Duplodnaviria;Heunggongvirae;Uroviricota;Caudoviricetes;;
k141_13688	3486	No terminal repeats	NA	5	11	0.9172	NA	0	1.6991	Viruses;Duplodnaviria;Heunggongvirae;Uroviricota;Caudoviricetes;;
k141_10555	6115	No terminal repeats	NA	8	11	0.9169	NA	0	1.7111	Viruses;Duplodnaviria;Heunggongvirae;Uroviricota;Caudoviricetes;;
k141_41866	4063	No terminal repeats	NA	8	11	0.9168	NA	1	5.5428	Viruses;Duplodnaviria;Heunggongvirae;Uroviricota;Caudoviricetes;;
k141_19998	3879	No terminal repeats	NA	5	11	0.9165	NA	0	1.7183	Viruses;Duplodnaviria;Heunggongvirae;Uroviricota;Caudoviricetes;;
k141_5292	959	No terminal repeats	NA	2	11	0.9164	NA	1	3.4112	Viruses;Duplodnaviria;Heunggongvirae;Uroviricota;Caudoviricetes;;
k141_30180	327	No terminal repeats	NA	2	11	0.9163	NA	2	3.4366	Viruses;Duplodnaviria;Heunggongvirae;Uroviricota;Caudoviricetes;;
k141_13282	2875	No terminal repeats	NA	5	11	0.9153	NA	0	3.3142	Viruses;Duplodnaviria;Heunggongvirae;Uroviricota;Caudoviricetes;;
k141_56880	529	No terminal repeats	NA	2	11	0.9151	NA	2	3.4366	Viruses;Duplodnaviria;Heunggongvirae;Uroviricota;Caudoviricetes;;
k141_11192	448	No terminal repeats	NA	1	11	0.9150	NA	1	1.2306	Viruses;Duplodnaviria;Heunggongvirae;Uroviricota;Caudoviricetes;;
k141_57249|provirus_82050_99153	17104	Provirus	82050-99153	21	11	0.9149	NA	1	9.8800	Viruses;Duplodnaviria;Heunggongvirae;Uroviricota;Caudoviricetes;;
k141_5825	833	No terminal repeats	NA	2	11	0.9148	NA	2	3.2625	Viruses;Duplodnaviria;Heunggongvirae;Uroviricota;Caudoviricetes;;
k141_57808	2539	No terminal repeats	NA	2	11	0.9147	NA	0	1.4243	Viruses;Duplodnaviria;Heunggongvirae;Uroviricota;Caudoviricetes;;
k141_6180	4993	No terminal repeats	NA	7	11	0.9145	NA	0	1.8302	Viruses;Duplodnaviria;Heunggongvirae;Uroviricota;Caudoviricetes;;
k141_12569	6470	No terminal repeats	NA	9	11	0.9133	NA	1	3.4278	Viruses;Duplodnaviria;Heunggongvirae;Uroviricota;Caudoviricetes;;
k141_56360	3934	No terminal repeats	NA	3	11	0.9131	NA	0	3.4366	Viruses;Duplodnaviria;Heunggongvirae;Uroviricota;Caudoviricetes;;
k141_56612	375	No terminal repeats	NA	1	11	0.9129	NA	1	1.7183	Viruses;Duplodnaviria;Heunggongvirae;Uroviricota;Caudoviricetes;;
k141_62132|provirus_16677_40138	23462	Provirus	16677-40138	19	11	0.9125	NA	7	27.3864	Viruses;Duplodnaviria;Heunggongvirae;Uroviricota;Caudoviricetes;;
k141_23205	562	No terminal repeats	NA	1	11	0.9123	NA	1	1.7183	Viruses;Duplodnaviria;Heunggongvirae;Uroviricota;Caudoviricetes;;
k141_11199	536	No terminal repeats	NA	2	11	0.9120	NA	1	1.7183	Viruses;Duplodnaviria;Heunggongvirae;Uroviricota;Caudoviricetes;;
k141_13337	2404	No terminal repeats	NA	4	11	0.9116	NA	1	2.5132	Viruses;Duplodnaviria;Heunggongvirae;Uroviricota;Caudoviricetes;;
k141_20256	528	No terminal repeats	NA	2	11	0.9115	NA	1	1.7183	Viruses;Duplodnaviria;Heunggongvirae;Uroviricota;Caudoviricetes;;
k141_15813	429	No terminal repeats	NA	1	11	0.9106	NA	1	1.7183	Viruses;Duplodnaviria;Heunggongvirae;Uroviricota;Caudoviricetes;;
k141_54755	12598	No terminal repeats	NA	15	11	0.9103	NA	4	7.6331	Viruses;Duplodnaviria;Heunggongvirae;Uroviricota;Caudoviricetes;;
k141_68951	731	No terminal repeats	NA	1	11	0.9102	NA	1	1.7183	Viruses;Duplodnaviria;Heunggongvirae;Uroviricota;Caudoviricetes;;
k141_10639	1026	No terminal repeats	NA	1	11	0.9094	NA	1	1.7183	Viruses;Duplodnaviria;Heunggongvirae;Uroviricota;Caudoviricetes;;
k141_2547	999	No terminal repeats	NA	2	11	0.9089	NA	1	3.3152	Unclassified
k141_64920	664	No terminal repeats	NA	1	11	0.9088	NA	1	1.4894	Viruses;Duplodnaviria;Heunggongvirae;Uroviricota;Caudoviricetes;;
k141_47118	1909	No terminal repeats	NA	3	11	0.9088	NA	1	1.5132	Viruses;Duplodnaviria;Heunggongvirae;Uroviricota;Caudoviricetes;;
k141_6328	22273	No terminal repeats	NA	27	11	0.9082	NA	1	9.0104	Viruses;Duplodnaviria;Heunggongvirae;Uroviricota;Caudoviricetes;;
k141_66584	528	No terminal repeats	NA	1	11	0.9077	NA	1	1.7183	Viruses;Duplodnaviria;Heunggongvirae;Uroviricota;Caudoviricetes;;
k141_28985	959	No terminal repeats	NA	2	11	0.9071	NA	2	2.6132	Viruses;Duplodnaviria;Heunggongvirae;Uroviricota;Caudoviricetes;;
k141_5299	710	No terminal repeats	NA	2	11	0.9071	NA	1	3.4366	Viruses;Duplodnaviria;Heunggongvirae;Uroviricota;Caudoviricetes;;
k141_21973	1877	No terminal repeats	NA	2	11	0.9070	NA	1	3.3309	Viruses;Duplodnaviria;Heunggongvirae;Uroviricota;Caudoviricetes;;
k141_56052	688	No terminal repeats	NA	1	11	0.9063	NA	1	1.7183	Viruses;Duplodnaviria;Heunggongvirae;Uroviricota;Caudoviricetes;;
k141_53737	431	No terminal repeats	NA	1	11	0.9056	NA	1	1.3729	Viruses;Duplodnaviria;Heunggongvirae;Uroviricota;Caudoviricetes;;
k141_14572	8643	No terminal repeats	NA	9	11	0.9051	NA	1	9.8161	Viruses;Duplodnaviria;Heunggongvirae;Uroviricota;Caudoviricetes;;
k141_38839	903	No terminal repeats	NA	3	11	0.9050	NA	1	5.1548	Viruses;Duplodnaviria;Heunggongvirae;Uroviricota;Caudoviricetes;;
k141_58893	321	No terminal repeats	NA	1	11	0.9045	NA	1	1.0262	Viruses;Duplodnaviria;Heunggongvirae;Uroviricota;Caudoviricetes;;
k141_49006	964	No terminal repeats	NA	2	11	0.9045	NA	1	1.7183	Viruses;Duplodnaviria;Heunggongvirae;Uroviricota;Caudoviricetes;;
k141_59615	808	No terminal repeats	NA	2	11	0.9041	NA	1	1.7161	Viruses;Duplodnaviria;Heunggongvirae;Uroviricota;Caudoviricetes;;
k141_30148	355	No terminal repeats	NA	2	11	0.9022	NA	1	1.7183	Viruses;Duplodnaviria;Heunggongvirae;Uroviricota;Caudoviricetes;;
k141_4174	2865	No terminal repeats	NA	7	11	0.9022	NA	0	1.7183	Viruses;Duplodnaviria;Heunggongvirae;Uroviricota;Caudoviricetes;;
k141_16333	845	No terminal repeats	NA	3	11	0.9018	NA	1	3.4026	Viruses;Duplodnaviria;Heunggongvirae;Uroviricota;Caudoviricetes;;
k141_49449	6030	No terminal repeats	NA	9	11	0.9017	NA	0	1.5457	Viruses;Duplodnaviria;Heunggongvirae;Uroviricota;Caudoviricetes;;
k141_59630	5930	No terminal repeats	NA	5	11	0.9016	NA	0	2.9772	Viruses;Duplodnaviria;Heunggongvirae;Uroviricota;Caudoviricetes;;
k141_49168	429	No terminal repeats	NA	2	11	0.9012	NA	1	1.7183	Viruses;Duplodnaviria;Heunggongvirae;Uroviricota;Caudoviricetes;;
k141_8098	2118	No terminal repeats	NA	3	11	0.9011	NA	1	2.7585	Viruses;Duplodnaviria;Heunggongvirae;Uroviricota;Caudoviricetes;;
k141_61646	3413	No terminal repeats	NA	6	11	0.9011	NA	0	1.5332	Unclassified
k141_67075	3937	No terminal repeats	NA	4	11	0.8996	NA	0	3.4366	Viruses;Duplodnaviria;Heunggongvirae;Uroviricota;Caudoviricetes;;
k141_26747	6867	No terminal repeats	NA	10	11	0.8996	NA	0	2.4656	Viruses;Duplodnaviria;Heunggongvirae;Uroviricota;Caudoviricetes;;
k141_69379	422	No terminal repeats	NA	2	11	0.8981	NA	1	1.7161	Viruses;Duplodnaviria;Heunggongvirae;Uroviricota;Caudoviricetes;;
k141_23380	397	No terminal repeats	NA	1	11	0.8971	NA	1	1.2306	Viruses;Duplodnaviria;Heunggongvirae;Uroviricota;Caudoviricetes;;
k141_5875	724	No terminal repeats	NA	1	11	0.8968	NA	1	1.7183	Viruses;Duplodnaviria;Heunggongvirae;Uroviricota;Caudoviricetes;;
k141_43993	1159	No terminal repeats	NA	2	11	0.8967	NA	1	3.0405	Viruses;Duplodnaviria;Heunggongvirae;Uroviricota;Caudoviricetes;;
k141_59196	3700	No terminal repeats	NA	6	11	0.8963	NA	0	2.3551	Viruses;Duplodnaviria;Heunggongvirae;Uroviricota;Caudoviricetes;;
k141_5084	10929	No terminal repeats	NA	15	11	0.8957	NA	2	5.9229	Viruses;Duplodnaviria;Heunggongvirae;Uroviricota;Caudoviricetes;;
k141_6811|provirus_11159_35724	24566	Provirus	11159-35724	23	11	0.8955	NA	1	11.1433	Viruses;Duplodnaviria;Heunggongvirae;Uroviricota;Caudoviricetes;;
k141_18403	522	No terminal repeats	NA	1	11	0.8952	NA	1	1.7183	Viruses;Duplodnaviria;Heunggongvirae;Uroviricota;Caudoviricetes;;
k141_90	1451	No terminal repeats	NA	2	11	0.8949	NA	1	1.7183	Viruses;Duplodnaviria;Heunggongvirae;Uroviricota;Caudoviricetes;;
k141_48856	830	No terminal repeats	NA	3	11	0.8947	NA	1	5.1247	Viruses;Duplodnaviria;Heunggongvirae;Uroviricota;Caudoviricetes;;
k141_49803	455	No terminal repeats	NA	2	11	0.8936	NA	1	1.7161	Viruses;Duplodnaviria;Heunggongvirae;Uroviricota;Caudoviricetes;;
k141_47194	845	No terminal repeats	NA	1	11	0.8934	NA	1	1.4435	Viruses;Duplodnaviria;Heunggongvirae;Uroviricota;Caudoviricetes;;
k141_4724	1683	No terminal repeats	NA	2	11	0.8919	NA	1	1.7183	Viruses;Duplodnaviria;Heunggongvirae;Uroviricota;Caudoviricetes;;
k141_36066	1390	No terminal repeats	NA	3	11	0.8918	NA	1	2.7173	Viruses;Duplodnaviria;Heunggongvirae;Uroviricota;Caudoviricetes;;
k141_56809	4581	No terminal repeats	NA	10	11	0.8916	NA	0	1.6700	Viruses;Duplodnaviria;Heunggongvirae;Uroviricota;Caudoviricetes;;
k141_7453	751	No terminal repeats	NA	2	11	0.8911	NA	1	3.4366	Viruses;Duplodnaviria;Heunggongvirae;Uroviricota;Caudoviricetes;;
k141_13173	20788	No terminal repeats	NA	15	11	0.8910	NA	0	4.3908	Viruses;Duplodnaviria;Heunggongvirae;Uroviricota;Caudoviricetes;;
k141_52109	14930	No terminal repeats	NA	15	11	0.8904	NA	1	3.9682	Viruses;Duplodnaviria;Heunggongvirae;Uroviricota;Caudoviricetes;;
k141_15448	966	No terminal repeats	NA	2	11	0.8904	NA	1	3.4366	Viruses;Duplodnaviria;Heunggongvirae;Uroviricota;Caudoviricetes;;
k141_21309	3695	No terminal repeats	NA	6	11	0.8898	NA	0	2.9823	Viruses;Duplodnaviria;Heunggongvirae;Uroviricota;Caudoviricetes;;Autographiviridae
k141_63008	777	No terminal repeats	NA	1	11	0.8890	NA	1	1.7183	Viruses;Duplodnaviria;Heunggongvirae;Uroviricota;Caudoviricetes;;
k141_50423|provirus_5593_53756	48164	Provirus	5593-53756	58	11	0.8884	NA	1	11.7759	Viruses;Duplodnaviria;Heunggongvirae;Uroviricota;Caudoviricetes;;
k141_28997	8892	No terminal repeats	NA	15	11	0.8884	NA	0	4.4572	Viruses;Duplodnaviria;Heunggongvirae;Uroviricota;Caudoviricetes;;
k141_52294	7938	No terminal repeats	NA	6	11	0.8877	NA	0	1.2784	Viruses;Duplodnaviria;Heunggongvirae;Uroviricota;Caudoviricetes;;
k141_26261	3747	No terminal repeats	NA	3	11	0.8868	NA	0	2.1357	Viruses;Duplodnaviria;Heunggongvirae;Uroviricota;Caudoviricetes;;
k141_41959	443	No terminal repeats	NA	1	11	0.8864	NA	1	1.2850	Viruses;Duplodnaviria;Heunggongvirae;Uroviricota;Caudoviricetes;;
k141_57382	12609	No terminal repeats	NA	18	11	0.8856	NA	1	3.9894	Viruses;Duplodnaviria;Heunggongvirae;Uroviricota;Caudoviricetes;;
k141_57026	4231	No terminal repeats	NA	7	11	0.8853	NA	0	3.8552	Viruses;Duplodnaviria;Heunggongvirae;Uroviricota;Caudoviricetes;;
k141_21786	614	No terminal repeats	NA	1	11	0.8849	NA	1	1.1587	Viruses;Duplodnaviria;Heunggongvirae;Uroviricota;Caudoviricetes;;
k141_42239	516	No terminal repeats	NA	1	11	0.8846	NA	1	1.2306	Viruses;Duplodnaviria;Heunggongvirae;Uroviricota;Caudoviricetes;;
k141_61868	435	No terminal repeats	NA	1	11	0.8845	NA	1	0.9355	Viruses;Duplodnaviria;Heunggongvirae;Uroviricota;Caudoviricetes;;
k141_68330	3473	No terminal repeats	NA	5	11	0.8837	NA	0	3.9186	Viruses;Duplodnaviria;Heunggongvirae;Uroviricota;Caudoviricetes;;
k141_6097	6096	No terminal repeats	NA	5	11	0.8834	NA	1	1.7183	Viruses;Duplodnaviria;Heunggongvirae;Uroviricota;Caudoviricetes;;
k141_5687	9874	No terminal repeats	NA	14	11	0.8831	NA	0	0.6442	Viruses;Duplodnaviria;Heunggongvirae;Uroviricota;Caudoviricetes;;
k141_10475	631	No terminal repeats	NA	2	11	0.8831	NA	1	1.7174	Viruses;Duplodnaviria;Heunggongvirae;Uroviricota;Caudoviricetes;;
k141_945	774	No terminal repeats	NA	2	11	0.8828	NA	1	1.5841	Viruses;Duplodnaviria;Heunggongvirae;Uroviricota;Caudoviricetes;;
k141_14734	2581	No terminal repeats	NA	4	11	0.8815	NA	0	3.2709	Viruses;Duplodnaviria;Heunggongvirae;Uroviricota;Caudoviricetes;;
k141_27020	3151	No terminal repeats	NA	5	11	0.8811	NA	0	2.4106	Viruses;Duplodnaviria;Heunggongvirae;Uroviricota;Caudoviricetes;;
k141_33538	9410	No terminal repeats	NA	15	11	0.8806	NA	0	4.1750	Viruses;Duplodnaviria;Heunggongvirae;Uroviricota;Caudoviricetes;;
k141_55170	580	No terminal repeats	NA	1	11	0.8799	NA	1	1.2856	Viruses;Duplodnaviria;Heunggongvirae;Uroviricota;Caudoviricetes;;
k141_33665	471	No terminal repeats	NA	2	11	0.8799	NA	1	1.7183	Viruses;Duplodnaviria;Heunggongvirae;Uroviricota;Caudoviricetes;;
k141_46909	758	No terminal repeats	NA	2	11	0.8795	NA	1	1.3207	Viruses;Duplodnaviria;Heunggongvirae;Uroviricota;Caudoviricetes;;
k141_64724	346	No terminal repeats	NA	1	11	0.8782	NA	1	1.4242	Viruses;Duplodnaviria;Heunggongvirae;Uroviricota;Caudoviricetes;;
k141_34993	1275	No terminal repeats	NA	3	11	0.8781	NA	1	1.7183	Viruses;Duplodnaviria;Heunggongvirae;Uroviricota;Caudoviricetes;;
k141_17980	353	No terminal repeats	NA	1	11	0.8780	NA	1	1.7183	Viruses;Duplodnaviria;Heunggongvirae;Uroviricota;Caudoviricetes;;
k141_69447	2092	No terminal repeats	NA	2	11	0.8763	NA	1	1.7183	Viruses;Duplodnaviria;Heunggongvirae;Uroviricota;Caudoviricetes;;
k141_67505	382	No terminal repeats	NA	1	11	0.8750	NA	1	1.3404	Viruses;Varidnaviria;Bamfordvirae;Nucleocytoviricota;Megaviricetes;Algavirales;Phycodnaviridae
k141_18358	6747	No terminal repeats	NA	9	11	0.8747	NA	1	5.0464	Viruses;Duplodnaviria;Heunggongvirae;Uroviricota;Caudoviricetes;;
k141_42386	2019	No terminal repeats	NA	5	11	0.8731	NA	2	6.0845	Viruses;Duplodnaviria;Heunggongvirae;Uroviricota;Caudoviricetes;;
k141_9259	2785	No terminal repeats	NA	3	11	0.8727	NA	1	3.0405	Viruses;Duplodnaviria;Heunggongvirae;Uroviricota;Caudoviricetes;;
k141_24746	18913	No terminal repeats	NA	13	11	0.8724	NA	0	3.9159	Viruses;Duplodnaviria;Heunggongvirae;Uroviricota;Caudoviricetes;;
k141_39105	1029	No terminal repeats	NA	1	11	0.8720	NA	1	1.0580	Viruses;Duplodnaviria;Heunggongvirae;Uroviricota;Caudoviricetes;;
k141_8953	517	No terminal repeats	NA	1	11	0.8716	NA	1	1.2117	Viruses;Duplodnaviria;Heunggongvirae;Uroviricota;Caudoviricetes;;
k141_54491	649	No terminal repeats	NA	2	11	0.8707	NA	1	1.3949	Viruses;Duplodnaviria;Heunggongvirae;Uroviricota;Caudoviricetes;;
k141_71254	415	No terminal repeats	NA	1	11	0.8706	NA	1	1.2306	Viruses;Duplodnaviria;Heunggongvirae;Uroviricota;Caudoviricetes;;
k141_48375	10617	No terminal repeats	NA	11	11	0.8704	NA	0	1.6902	Viruses;Duplodnaviria;Heunggongvirae;Uroviricota;Caudoviricetes;;
k141_8212	2764	No terminal repeats	NA	3	11	0.8699	NA	0	1.7136	Viruses;Duplodnaviria;Heunggongvirae;Uroviricota;Caudoviricetes;;
k141_15827	550	No terminal repeats	NA	1	11	0.8696	NA	1	1.0383	Viruses;Duplodnaviria;Heunggongvirae;Uroviricota;Caudoviricetes;;
k141_45097	4020	No terminal repeats	NA	4	11	0.8695	NA	0	0.7318	Viruses;Duplodnaviria;Heunggongvirae;Uroviricota;Caudoviricetes;;
k141_41271	1772	No terminal repeats	NA	2	11	0.8693	NA	1	1.7183	Viruses;Duplodnaviria;Heunggongvirae;Uroviricota;Caudoviricetes;;
k141_57222	954	No terminal repeats	NA	3	11	0.8692	NA	2	3.4366	Viruses;Duplodnaviria;Heunggongvirae;Uroviricota;Caudoviricetes;;
k141_32024	745	No terminal repeats	NA	1	11	0.8692	NA	1	1.7172	Viruses;Duplodnaviria;Heunggongvirae;Uroviricota;Caudoviricetes;;
k141_41887	787	No terminal repeats	NA	1	11	0.8688	NA	1	1.2306	Viruses;Duplodnaviria;Heunggongvirae;Uroviricota;Caudoviricetes;;
k141_24099	2241	No terminal repeats	NA	2	11	0.8687	NA	1	1.0831	Viruses;Duplodnaviria;Heunggongvirae;Uroviricota;Caudoviricetes;;
k141_19084	789	No terminal repeats	NA	1	11	0.8686	NA	1	1.2306	Viruses;Duplodnaviria;Heunggongvirae;Uroviricota;Caudoviricetes;;
k141_42648|provirus_44456_85876	41421	Provirus	44456-85876	45	11	0.8686	NA	0	4.4784	Viruses;Duplodnaviria;Heunggongvirae;Uroviricota;Caudoviricetes;;
k141_37876	6914	No terminal repeats	NA	15	11	0.8683	NA	0	3.3882	Viruses;Duplodnaviria;Heunggongvirae;Uroviricota;Caudoviricetes;;
k141_38699	4419	No terminal repeats	NA	3	11	0.8681	NA	0	1.6677	Viruses;Duplodnaviria;Heunggongvirae;Uroviricota;Caudoviricetes;;
k141_66373	915	No terminal repeats	NA	2	11	0.8671	NA	1	1.7183	Viruses;Duplodnaviria;Heunggongvirae;Uroviricota;Caudoviricetes;;
k141_66223	561	No terminal repeats	NA	1	11	0.8670	NA	1	1.5762	Viruses;Duplodnaviria;Heunggongvirae;Uroviricota;Caudoviricetes;;
k141_23204	523	No terminal repeats	NA	1	11	0.8667	NA	1	1.2215	Viruses;Duplodnaviria;Heunggongvirae;Uroviricota;Caudoviricetes;;
k141_22510	820	No terminal repeats	NA	2	11	0.8664	NA	1	1.1825	Viruses;Duplodnaviria;Heunggongvirae;Uroviricota;Caudoviricetes;;
k141_46609	2665	No terminal repeats	NA	7	11	0.8655	NA	0	1.3514	Viruses;Duplodnaviria;Heunggongvirae;Uroviricota;Caudoviricetes;;
k141_22538	13928	No terminal repeats	NA	20	11	0.8652	NA	0	4.3235	Viruses;Duplodnaviria;Heunggongvirae;Uroviricota;Caudoviricetes;;
k141_24600	768	No terminal repeats	NA	1	11	0.8647	NA	1	1.2306	Viruses;Duplodnaviria;Heunggongvirae;Uroviricota;Caudoviricetes;;
k141_7558	510	No terminal repeats	NA	1	11	0.8647	NA	1	1.2306	Viruses;Duplodnaviria;Heunggongvirae;Uroviricota;Caudoviricetes;;
k141_65457	9413	No terminal repeats	NA	8	11	0.8645	NA	0	1.1894	Viruses;Duplodnaviria;Heunggongvirae;Uroviricota;Caudoviricetes;;
k141_47483	9280	No terminal repeats	NA	13	11	0.8643	NA	0	4.5607	Viruses;Duplodnaviria;Heunggongvirae;Uroviricota;Caudoviricetes;;
k141_48491	1522	No terminal repeats	NA	2	11	0.8642	NA	2	3.0039	Viruses;Duplodnaviria;Heunggongvirae;Uroviricota;Caudoviricetes;;
k141_30860	4950	No terminal repeats	NA	4	11	0.8638	NA	0	2.5080	Viruses;Duplodnaviria;Heunggongvirae;Uroviricota;Caudoviricetes;;
k141_9272	3997	No terminal repeats	NA	5	11	0.8631	NA	0	1.9858	Viruses;Duplodnaviria;Heunggongvirae;Uroviricota;Caudoviricetes;;
k141_17112	3581	No terminal repeats	NA	1	11	0.8630	NA	1	1.1384	Viruses;Duplodnaviria;Heunggongvirae;Uroviricota;Caudoviricetes;;
k141_67368	638	No terminal repeats	NA	1	11	0.8624	NA	1	1.5065	Viruses;Duplodnaviria;Heunggongvirae;Uroviricota;Caudoviricetes;;
k141_5755	3538	No terminal repeats	NA	5	11	0.8618	NA	0	3.3098	Viruses;Duplodnaviria;Heunggongvirae;Uroviricota;Caudoviricetes;;Autographiviridae
k141_11573	502	No terminal repeats	NA	1	11	0.8616	NA	1	1.2336	Viruses;Duplodnaviria;Heunggongvirae;Uroviricota;Caudoviricetes;;
k141_66627	497	No terminal repeats	NA	2	11	0.8615	NA	2	3.2688	Viruses;Duplodnaviria;Heunggongvirae;Uroviricota;Caudoviricetes;;
k141_68877	2548	No terminal repeats	NA	7	11	0.8614	NA	0	3.3934	Viruses;Duplodnaviria;Heunggongvirae;Uroviricota;Caudoviricetes;;
k141_70685	426	No terminal repeats	NA	1	11	0.8612	NA	1	1.4931	Viruses;Duplodnaviria;Heunggongvirae;Uroviricota;Caudoviricetes;;
k141_25511	14410	No terminal repeats	NA	22	11	0.8597	NA	1	15.4406	Viruses;Duplodnaviria;Heunggongvirae;Uroviricota;Caudoviricetes;;
k141_52089	5386	No terminal repeats	NA	10	11	0.8597	NA	1	6.5375	Viruses;Duplodnaviria;Heunggongvirae;Uroviricota;Caudoviricetes;;
k141_26150	2631	No terminal repeats	NA	4	11	0.8595	NA	0	1.4239	Viruses;Duplodnaviria;Heunggongvirae;Uroviricota;Caudoviricetes;;
k141_42950	1867	No terminal repeats	NA	3	11	0.8590	NA	2	3.3152	Viruses;Duplodnaviria;Heunggongvirae;Uroviricota;Caudoviricetes;;
k141_6559	2934	No terminal repeats	NA	2	11	0.8584	NA	0	1.7183	Viruses;Duplodnaviria;Heunggongvirae;Uroviricota;Caudoviricetes;;
k141_35864	1103	No terminal repeats	NA	2	11	0.8580	NA	1	1.6157	Viruses;Duplodnaviria;Heunggongvirae;Uroviricota;Caudoviricetes;;
k141_20305	3179	No terminal repeats	NA	4	11	0.8579	NA	0	1.7183	Viruses;Duplodnaviria;Heunggongvirae;Uroviricota;Caudoviricetes;;
k141_2909	3005	No terminal repeats	NA	4	11	0.8576	NA	0	2.5001	Viruses;Duplodnaviria;Heunggongvirae;Uroviricota;Caudoviricetes;;
k141_35466	771	No terminal repeats	NA	2	11	0.8560	NA	2	3.4366	Viruses;Duplodnaviria;Heunggongvirae;Uroviricota;Caudoviricetes;;
k141_29791	561	No terminal repeats	NA	2	11	0.8559	NA	1	1.3428	Viruses;Duplodnaviria;Heunggongvirae;Uroviricota;Caudoviricetes;;
k141_66060	1073	No terminal repeats	NA	2	11	0.8556	NA	1	1.7183	Viruses;Duplodnaviria;Heunggongvirae;Uroviricota;Caudoviricetes;;
k141_55192	687	No terminal repeats	NA	1	11	0.8550	NA	1	1.3721	Viruses;Duplodnaviria;Heunggongvirae;Uroviricota;Caudoviricetes;;
k141_13471	4860	No terminal repeats	NA	9	11	0.8545	NA	0	1.1675	Viruses;Duplodnaviria;Heunggongvirae;Uroviricota;Caudoviricetes;;
k141_39415	3883	No terminal repeats	NA	6	11	0.8544	NA	0	3.4366	Viruses;Duplodnaviria;Heunggongvirae;Uroviricota;Caudoviricetes;;Autographiviridae
k141_4381	1146	No terminal repeats	NA	2	11	0.8544	NA	1	3.0762	Viruses;Duplodnaviria;Heunggongvirae;Uroviricota;Caudoviricetes;;
k141_27673	697	No terminal repeats	NA	2	11	0.8537	NA	1	1.5111	Viruses;Duplodnaviria;Heunggongvirae;Uroviricota;Caudoviricetes;;
k141_43271	915	No terminal repeats	NA	2	11	0.8537	NA	1	1.7183	Viruses;Duplodnaviria;Heunggongvirae;Uroviricota;Caudoviricetes;;
k141_61141|provirus_56732_70749	14018	Provirus	56732-70749	14	11	0.8529	NA	3	8.2278	Viruses;Duplodnaviria;Heunggongvirae;Uroviricota;Caudoviricetes;;
k141_30532	484	No terminal repeats	NA	1	11	0.8528	NA	1	1.7183	Viruses;Duplodnaviria;Heunggongvirae;Uroviricota;Caudoviricetes;;
k141_11550	540	No terminal repeats	NA	1	11	0.8526	NA	1	1.7161	Viruses;Duplodnaviria;Heunggongvirae;Uroviricota;Caudoviricetes;;
k141_12718	1827	No terminal repeats	NA	2	11	0.8517	NA	1	1.7073	Viruses;Duplodnaviria;Heunggongvirae;Uroviricota;Caudoviricetes;;
k141_50034	18603	No terminal repeats	NA	27	11	0.8509	NA	0	6.9235	Viruses;Duplodnaviria;Heunggongvirae;Uroviricota;Caudoviricetes;;
k141_16007	889	No terminal repeats	NA	1	11	0.8506	NA	1	1.2306	Viruses;Duplodnaviria;Heunggongvirae;Uroviricota;Caudoviricetes;;
k141_29147	886	No terminal repeats	NA	1	11	0.8487	NA	1	1.7183	Viruses;Duplodnaviria;Heunggongvirae;Uroviricota;Caudoviricetes;;
k141_22820	3815	No terminal repeats	NA	3	11	0.8482	NA	0	1.7183	Unclassified
k141_33121	382	No terminal repeats	NA	1	11	0.8482	NA	1	1.3468	Viruses;Duplodnaviria;Heunggongvirae;Uroviricota;Caudoviricetes;;
k141_45675	5313	No terminal repeats	NA	6	11	0.8476	NA	0	0.9893	Viruses;Duplodnaviria;Heunggongvirae;Uroviricota;Caudoviricetes;;
k141_39273	405	No terminal repeats	NA	1	11	0.8473	NA	1	1.2306	Viruses;Duplodnaviria;Heunggongvirae;Uroviricota;Caudoviricetes;;
k141_52274|provirus_67446_153390	85945	Provirus	67446-153390	76	11	0.8469	NA	3	6.4449	Viruses;Duplodnaviria;Heunggongvirae;Uroviricota;Caudoviricetes;;
k141_50511	2829	No terminal repeats	NA	2	11	0.8446	NA	0	1.3937	Viruses;Duplodnaviria;Heunggongvirae;Uroviricota;Caudoviricetes;;
k141_71796|provirus_228_55045	54818	Provirus	228-55045	52	11	0.8441	NA	2	2.6408	Viruses;Duplodnaviria;Heunggongvirae;Uroviricota;Caudoviricetes;;
k141_23478	8997	No terminal repeats	NA	8	11	0.8437	NA	0	4.1023	Viruses;Duplodnaviria;Heunggongvirae;Uroviricota;Caudoviricetes;;
k141_61715	446	No terminal repeats	NA	2	11	0.8421	NA	1	1.7183	Viruses;Duplodnaviria;Heunggongvirae;Uroviricota;Caudoviricetes;;
k141_28693	782	No terminal repeats	NA	1	11	0.8404	NA	1	1.2306	Viruses;Duplodnaviria;Heunggongvirae;Uroviricota;Caudoviricetes;;
k141_40987	2654	No terminal repeats	NA	5	11	0.8399	NA	0	1.9823	Viruses;Duplodnaviria;Heunggongvirae;Uroviricota;Caudoviricetes;;
k141_64072	8799	No terminal repeats	NA	10	11	0.8370	NA	0	3.2170	Viruses;Duplodnaviria;Heunggongvirae;Uroviricota;Caudoviricetes;;
k141_35870	6521	No terminal repeats	NA	9	11	0.8363	NA	2	4.3616	Viruses;Duplodnaviria;Heunggongvirae;Uroviricota;Caudoviricetes;;
k141_13696	469	No terminal repeats	NA	1	11	0.8359	NA	1	1.7183	Viruses;Duplodnaviria;Heunggongvirae;Uroviricota;Caudoviricetes;;
k141_3515	3923	No terminal repeats	NA	4	11	0.8341	NA	0	1.5596	Unclassified
k141_47002	10050	No terminal repeats	NA	15	11	0.8341	NA	1	3.2686	Viruses;Monodnaviria;Loebvirae;Hofneiviricota;Faserviricetes;Tubulavirales;Inoviridae
k141_8846	3450	No terminal repeats	NA	4	11	0.8338	NA	0	1.4917	Viruses;Duplodnaviria;Heunggongvirae;Uroviricota;Caudoviricetes;;
k141_3632	2992	No terminal repeats	NA	3	11	0.8332	NA	0	3.4366	Viruses;Duplodnaviria;Heunggongvirae;Uroviricota;Caudoviricetes;;
k141_3937	7077	No terminal repeats	NA	9	11	0.8328	NA	0	4.8091	Viruses;Duplodnaviria;Heunggongvirae;Uroviricota;Caudoviricetes;;
k141_3041	659	No terminal repeats	NA	1	11	0.8324	NA	1	1.1892	Viruses;Duplodnaviria;Heunggongvirae;Uroviricota;Caudoviricetes;;
k141_37605	8178	No terminal repeats	NA	11	11	0.8318	NA	1	2.5009	Viruses;Duplodnaviria;Heunggongvirae;Uroviricota;Caudoviricetes;;
k141_15754	674	No terminal repeats	NA	2	11	0.8316	NA	1	1.7183	Viruses;Duplodnaviria;Heunggongvirae;Uroviricota;Caudoviricetes;;
k141_12007	3475	No terminal repeats	NA	5	11	0.8315	NA	0	2.8115	Viruses;Duplodnaviria;Heunggongvirae;Uroviricota;Caudoviricetes;;
k141_41277	1777	No terminal repeats	NA	2	11	0.8308	NA	1	1.7183	Viruses;Duplodnaviria;Heunggongvirae;Uroviricota;Caudoviricetes;;
k141_2487	750	No terminal repeats	NA	1	11	0.8308	NA	1	1.7124	Viruses;Duplodnaviria;Heunggongvirae;Uroviricota;Caudoviricetes;;
k141_57910	561	No terminal repeats	NA	1	11	0.8305	NA	1	1.2306	Viruses;Duplodnaviria;Heunggongvirae;Uroviricota;Caudoviricetes;;
k141_69952	2116	No terminal repeats	NA	1	11	0.8296	NA	1	1.3160	Viruses;Duplodnaviria;Heunggongvirae;Uroviricota;Caudoviricetes;;
k141_33260	659	No terminal repeats	NA	2	11	0.8285	NA	1	1.7183	Viruses;Duplodnaviria;Heunggongvirae;Uroviricota;Caudoviricetes;;
k141_38232	565	No terminal repeats	NA	1	11	0.8279	NA	1	1.2306	Viruses;Duplodnaviria;Heunggongvirae;Uroviricota;Caudoviricetes;;
k141_68624	4237	No terminal repeats	NA	6	11	0.8277	NA	0	1.3340	Viruses;Duplodnaviria;Heunggongvirae;Uroviricota;Caudoviricetes;;
k141_20926	3869	No terminal repeats	NA	4	4	0.8271	NA	0	2.6096	Viruses;Duplodnaviria;Heunggongvirae;Uroviricota;Caudoviricetes;;
k141_25847	641	No terminal repeats	NA	1	11	0.8269	NA	1	1.2605	Viruses;Duplodnaviria;Heunggongvirae;Uroviricota;Caudoviricetes;;
k141_49207	20587	No terminal repeats	NA	24	11	0.8263	NA	1	2.5610	Viruses;Duplodnaviria;Heunggongvirae;Uroviricota;Caudoviricetes;;
k141_70888	2953	No terminal repeats	NA	5	11	0.8257	NA	0	4.5949	Viruses;Duplodnaviria;Heunggongvirae;Uroviricota;Caudoviricetes;;
k141_65251	6372	No terminal repeats	NA	4	11	0.8250	NA	0	1.7183	Viruses;Duplodnaviria;Heunggongvirae;Uroviricota;Caudoviricetes;;
k141_28626	457	No terminal repeats	NA	2	11	0.8228	NA	1	1.7183	Viruses;Duplodnaviria;Heunggongvirae;Uroviricota;Caudoviricetes;;
k141_15274	380	No terminal repeats	NA	1	11	0.8222	NA	1	1.7171	Viruses;Duplodnaviria;Heunggongvirae;Uroviricota;Caudoviricetes;;
k141_45251	4817	No terminal repeats	NA	10	11	0.8215	NA	1	1.4188	Viruses;Monodnaviria;Loebvirae;Hofneiviricota;Faserviricetes;Tubulavirales;Inoviridae
k141_66115	12295	No terminal repeats	NA	8	11	0.8208	NA	0	1.0562	Viruses;Duplodnaviria;Heunggongvirae;Uroviricota;Caudoviricetes;;
k141_34011	4938	No terminal repeats	NA	7	11	0.8208	NA	0	1.4091	Viruses;Duplodnaviria;Heunggongvirae;Uroviricota;Caudoviricetes;;
k141_48531	3943	No terminal repeats	NA	3	11	0.8195	NA	0	1.7183	Viruses;Duplodnaviria;Heunggongvirae;Uroviricota;Caudoviricetes;;
k141_2474	5579	No terminal repeats	NA	2	11	0.8188	NA	0	1.7183	Viruses;Duplodnaviria;Heunggongvirae;Uroviricota;Caudoviricetes;;
k141_64356	508	No terminal repeats	NA	2	11	0.8186	NA	1	1.7183	Viruses;Duplodnaviria;Heunggongvirae;Uroviricota;Caudoviricetes;;
k141_5543	28504	No terminal repeats	NA	25	11	0.8182	NA	1	4.0687	Viruses;Duplodnaviria;Heunggongvirae;Uroviricota;Caudoviricetes;;
k141_35541	1037	No terminal repeats	NA	1	11	0.8174	NA	1	1.5379	Viruses;Duplodnaviria;Heunggongvirae;Uroviricota;Caudoviricetes;;
k141_14475	3542	No terminal repeats	NA	7	11	0.8173	NA	0	3.0672	Viruses;Duplodnaviria;Heunggongvirae;Uroviricota;Caudoviricetes;;
k141_68413	4208	No terminal repeats	NA	8	11	0.8172	NA	0	0.8133	Viruses;Duplodnaviria;Heunggongvirae;Uroviricota;Caudoviricetes;;
k141_19639	1090	No terminal repeats	NA	3	11	0.8169	NA	1	2.8814	Viruses;Duplodnaviria;Heunggongvirae;Uroviricota;Caudoviricetes;;
k141_2505	1819	No terminal repeats	NA	2	11	0.8163	NA	1	1.2696	Viruses;Duplodnaviria;Heunggongvirae;Uroviricota;Caudoviricetes;;
k141_7857	6303	No terminal repeats	NA	7	11	0.8160	NA	0	2.3675	Viruses;Duplodnaviria;Heunggongvirae;Uroviricota;Caudoviricetes;;
k141_49731	787	No terminal repeats	NA	1	11	0.8157	NA	1	1.1823	Viruses;Duplodnaviria;Heunggongvirae;Uroviricota;Caudoviricetes;;
k141_4268	1501	No terminal repeats	NA	4	11	0.8151	NA	1	4.5392	Viruses;Duplodnaviria;Heunggongvirae;Uroviricota;Caudoviricetes;;
k141_47924	566	No terminal repeats	NA	2	11	0.8146	NA	1	1.7125	Viruses;Duplodnaviria;Heunggongvirae;Uroviricota;Caudoviricetes;;
k141_16053	1824	No terminal repeats	NA	3	11	0.8138	NA	1	1.5060	Viruses;Duplodnaviria;Heunggongvirae;Uroviricota;Caudoviricetes;;
k141_61899	3926	No terminal repeats	NA	8	11	0.8135	NA	1	2.7150	Viruses;Monodnaviria;Loebvirae;Hofneiviricota;Faserviricetes;Tubulavirales;Inoviridae
k141_33298	2650	No terminal repeats	NA	3	11	0.8133	NA	0	1.7183	Viruses;Duplodnaviria;Heunggongvirae;Uroviricota;Caudoviricetes;;
k141_51685	2043	No terminal repeats	NA	2	11	0.8128	NA	1	1.7183	Viruses;Duplodnaviria;Heunggongvirae;Uroviricota;Caudoviricetes;;
k141_18602	2521	No terminal repeats	NA	4	11	0.8126	NA	1	3.3928	Viruses;Duplodnaviria;Heunggongvirae;Uroviricota;Caudoviricetes;;
k141_71328	352	No terminal repeats	NA	1	11	0.8112	NA	1	0.9355	Viruses;Duplodnaviria;Heunggongvirae;Uroviricota;Caudoviricetes;;
k141_47093	488	No terminal repeats	NA	1	11	0.8101	NA	1	1.2306	Viruses;Duplodnaviria;Heunggongvirae;Uroviricota;Caudoviricetes;;
k141_60197	7213	No terminal repeats	NA	8	11	0.8096	NA	0	2.5351	Viruses;Duplodnaviria;Heunggongvirae;Uroviricota;Caudoviricetes;;
k141_27857	4519	No terminal repeats	NA	8	11	0.8087	NA	1	0.9967	Viruses;Monodnaviria;Loebvirae;Hofneiviricota;Faserviricetes;Tubulavirales;Inoviridae
k141_70299	764	No terminal repeats	NA	1	11	0.8086	NA	1	1.2306	Viruses;Duplodnaviria;Heunggongvirae;Uroviricota;Caudoviricetes;;
k141_54269	3418	No terminal repeats	NA	3	11	0.8081	NA	0	0.9855	Viruses;Duplodnaviria;Heunggongvirae;Uroviricota;Caudoviricetes;;
k141_27739	4909	No terminal repeats	NA	7	11	0.8076	NA	1	1.6030	Viruses;Duplodnaviria;Heunggongvirae;Uroviricota;Caudoviricetes;;Kyanoviridae
k141_9969	1383	No terminal repeats	NA	3	11	0.8074	NA	1	1.7183	Viruses;Duplodnaviria;Heunggongvirae;Uroviricota;Caudoviricetes;;
k141_36283	1059	No terminal repeats	NA	2	11	0.8067	NA	1	1.4980	Viruses;Duplodnaviria;Heunggongvirae;Uroviricota;Caudoviricetes;;
k141_43473|provirus_33019_67584	34566	Provirus	33019-67584	33	11	0.8065	NA	0	4.9207	Viruses;Duplodnaviria;Heunggongvirae;Uroviricota;Caudoviricetes;;
k141_50356	643	No terminal repeats	NA	2	11	0.8056	NA	1	1.3308	Viruses;Duplodnaviria;Heunggongvirae;Uroviricota;Caudoviricetes;;
k141_69059	5144	No terminal repeats	NA	5	11	0.8053	NA	0	1.3306	Viruses;Duplodnaviria;Heunggongvirae;Uroviricota;Caudoviricetes;;
k141_24982	535	No terminal repeats	NA	1	11	0.8034	NA	1	1.4365	Viruses;Duplodnaviria;Heunggongvirae;Uroviricota;Caudoviricetes;;
k141_52600	5108	No terminal repeats	NA	6	11	0.8030	NA	0	0.0000	Unclassified
k141_15975	818	No terminal repeats	NA	1	11	0.8027	NA	1	1.1384	Viruses;Duplodnaviria;Heunggongvirae;Uroviricota;Caudoviricetes;;
k141_29275	2906	No terminal repeats	NA	3	11	0.8025	NA	0	1.7183	Viruses;Duplodnaviria;Heunggongvirae;Uroviricota;Caudoviricetes;;
k141_5358	2259	No terminal repeats	NA	3	11	0.8024	NA	1	2.0959	Viruses;Duplodnaviria;Heunggongvirae;Uroviricota;Caudoviricetes;;
k141_2350	471	No terminal repeats	NA	2	11	0.8015	NA	1	1.7183	Viruses;Duplodnaviria;Heunggongvirae;Uroviricota;Caudoviricetes;;
k141_15094	2916	No terminal repeats	NA	1	11	0.8007	NA	0	0.0000	Unclassified
k141_4820	994	No terminal repeats	NA	1	11	0.8005	NA	1	1.7183	Viruses;Duplodnaviria;Heunggongvirae;Uroviricota;Caudoviricetes;;
k141_59739	295	No terminal repeats	NA	1	11	0.7999	NA	1	1.0136	Viruses;Duplodnaviria;Heunggongvirae;Uroviricota;Caudoviricetes;;
k141_48133	3989	No terminal repeats	NA	6	11	0.7993	NA	1	0.7290	Viruses;Duplodnaviria;Heunggongvirae;Uroviricota;Caudoviricetes;;
k141_45568	5877	No terminal repeats	NA	4	11	0.7967	NA	0	1.7183	Unclassified
k141_35409	1628	No terminal repeats	NA	5	11	0.7962	NA	1	3.0569	Viruses;Duplodnaviria;Heunggongvirae;Uroviricota;Caudoviricetes;;
k141_51997	8764	No terminal repeats	NA	11	11	0.7956	NA	1	4.9325	Viruses;Duplodnaviria;Heunggongvirae;Uroviricota;Caudoviricetes;;
k141_41108	680	No terminal repeats	NA	2	11	0.7956	NA	1	1.7183	Viruses;Duplodnaviria;Heunggongvirae;Uroviricota;Caudoviricetes;;Schitoviridae
k141_3869	4415	No terminal repeats	NA	2	11	0.7950	NA	0	1.5269	Viruses;Varidnaviria;Bamfordvirae;Nucleocytoviricota;Pokkesviricetes;Chitovirales;Poxviridae
k141_1415	8358	No terminal repeats	NA	13	11	0.7940	NA	1	4.5390	Viruses;Duplodnaviria;Heunggongvirae;Uroviricota;Caudoviricetes;;
k141_45328	3208	No terminal repeats	NA	7	11	0.7937	NA	0	1.8302	Viruses;Duplodnaviria;Heunggongvirae;Uroviricota;Caudoviricetes;;
k141_37639	9378	No terminal repeats	NA	12	11	0.7935	NA	1	4.6818	Viruses;Duplodnaviria;Heunggongvirae;Uroviricota;Caudoviricetes;;
k141_69713	4164	No terminal repeats	NA	7	11	0.7930	NA	0	2.0551	Viruses;Duplodnaviria;Heunggongvirae;Uroviricota;Caudoviricetes;;
k141_50705	403	No terminal repeats	NA	1	11	0.7924	NA	1	1.3506	Viruses;Duplodnaviria;Heunggongvirae;Uroviricota;Caudoviricetes;;
k141_31219	1318	No terminal repeats	NA	2	11	0.7923	NA	2	2.7922	Viruses;Duplodnaviria;Heunggongvirae;Uroviricota;Caudoviricetes;;
k141_43630	5233	No terminal repeats	NA	3	11	0.7922	NA	0	0.0000	Unclassified
k141_60690	4052	No terminal repeats	NA	6	11	0.7901	NA	0	1.6393	Viruses;Duplodnaviria;Heunggongvirae;Uroviricota;Caudoviricetes;;
k141_14097	5051	No terminal repeats	NA	9	11	0.7887	NA	0	0.0000	Unclassified
k141_32925	2542	No terminal repeats	NA	1	11	0.7885	NA	0	0.0000	Unclassified
k141_43418	13255	No terminal repeats	NA	12	11	0.7864	NA	0	2.3800	Viruses;Duplodnaviria;Heunggongvirae;Uroviricota;Caudoviricetes;;
k141_45215	2817	No terminal repeats	NA	4	11	0.7847	NA	0	0.9984	Viruses;Duplodnaviria;Heunggongvirae;Uroviricota;Caudoviricetes;;
k141_29854|provirus_21352_39058	17707	Provirus	21352-39058	24	11	0.7846	NA	8	22.3533	Viruses;Duplodnaviria;Heunggongvirae;Uroviricota;Caudoviricetes;;
k141_53947	745	No terminal repeats	NA	1	11	0.7827	NA	1	1.2306	Viruses;Duplodnaviria;Heunggongvirae;Uroviricota;Caudoviricetes;;
k141_13598	414	No terminal repeats	NA	2	11	0.7824	NA	1	1.3704	Viruses;Duplodnaviria;Heunggongvirae;Uroviricota;Caudoviricetes;;
k141_67444	2577	No terminal repeats	NA	2	11	0.7818	NA	0	1.7183	Unclassified
k141_61771	14699	No terminal repeats	NA	18	11	0.7814	NA	2	8.9797	Viruses;Duplodnaviria;Heunggongvirae;Uroviricota;Caudoviricetes;;
k141_30369	3327	No terminal repeats	NA	2	11	0.7813	NA	0	1.5506	Viruses;Duplodnaviria;Heunggongvirae;Uroviricota;Caudoviricetes;;Assiduviridae
k141_25645	364	No terminal repeats	NA	1	11	0.7809	NA	1	1.2077	Viruses;Duplodnaviria;Heunggongvirae;Uroviricota;Caudoviricetes;;
k141_22298	3950	No terminal repeats	NA	5	11	0.7805	NA	1	1.7136	Viruses;Duplodnaviria;Heunggongvirae;Uroviricota;Caudoviricetes;;
k141_51028	915	No terminal repeats	NA	2	11	0.7798	NA	1	1.4436	Viruses;Duplodnaviria;Heunggongvirae;Uroviricota;Caudoviricetes;;
k141_8279	1118	No terminal repeats	NA	3	11	0.7789	NA	1	4.6449	Viruses;Duplodnaviria;Heunggongvirae;Uroviricota;Caudoviricetes;;
k141_43353	5120	No terminal repeats	NA	6	11	0.7776	NA	0	2.8322	Viruses;Duplodnaviria;Heunggongvirae;Uroviricota;Caudoviricetes;;
k141_20838	901	No terminal repeats	NA	2	11	0.7762	NA	1	1.4031	Viruses;Duplodnaviria;Heunggongvirae;Uroviricota;Caudoviricetes;;
k141_70778	242	No terminal repeats	NA	1	11	0.7752	NA	1	1.0136	Viruses;Duplodnaviria;Heunggongvirae;Uroviricota;Caudoviricetes;;
k141_48238	4546	No terminal repeats	NA	5	11	0.7751	NA	0	2.3722	Viruses;Duplodnaviria;Heunggongvirae;Uroviricota;Caudoviricetes;;
k141_51751	426	No terminal repeats	NA	1	11	0.7748	NA	1	1.0136	Viruses;Duplodnaviria;Heunggongvirae;Uroviricota;Caudoviricetes;;
k141_66796	3568	No terminal repeats	NA	5	11	0.7738	NA	1	0.9355	Viruses;Duplodnaviria;Heunggongvirae;Uroviricota;Caudoviricetes;;
k141_10164	1828	No terminal repeats	NA	2	11	0.7735	NA	1	1.7136	Viruses;Duplodnaviria;Heunggongvirae;Uroviricota;Caudoviricetes;;
k141_43811	3258	No terminal repeats	NA	5	11	0.7733	NA	0	0.0000	Unclassified
k141_45636	1594	No terminal repeats	NA	2	11	0.7733	NA	1	1.7183	Viruses;Duplodnaviria;Heunggongvirae;Uroviricota;Caudoviricetes;;
k141_45387	493	No terminal repeats	NA	1	15	0.7723	NA	1	1.4847	Viruses;Duplodnaviria;Heunggongvirae;Uroviricota;Caudoviricetes;;
k141_64475	3401	No terminal repeats	NA	5	11	0.7712	NA	0	3.4366	Viruses;Duplodnaviria;Heunggongvirae;Uroviricota;Caudoviricetes;;
k141_40327	408	No terminal repeats	NA	1	11	0.7709	NA	1	1.3949	Viruses;Duplodnaviria;Heunggongvirae;Uroviricota;Caudoviricetes;;
k141_1650	466	No terminal repeats	NA	1	11	0.7707	NA	1	1.2306	Viruses;Duplodnaviria;Heunggongvirae;Uroviricota;Caudoviricetes;;
k141_49634	4163	No terminal repeats	NA	4	11	0.7683	NA	0	1.4917	Viruses;Duplodnaviria;Heunggongvirae;Uroviricota;Caudoviricetes;;
k141_54740	6076	No terminal repeats	NA	7	11	0.7682	NA	0	0.7108	Viruses;Duplodnaviria;Heunggongvirae;Uroviricota;Caudoviricetes;;
k141_2091	3443	No terminal repeats	NA	4	11	0.7667	NA	0	1.7183	Viruses;Duplodnaviria;Heunggongvirae;Uroviricota;Caudoviricetes;;
k141_66857	2435	No terminal repeats	NA	2	11	0.7667	NA	1	1.7136	Viruses;Duplodnaviria;Heunggongvirae;Uroviricota;Caudoviricetes;;
k141_47201	796	No terminal repeats	NA	2	11	0.7653	NA	1	1.7183	Viruses;Duplodnaviria;Heunggongvirae;Uroviricota;Caudoviricetes;;
k141_36438	3221	No terminal repeats	NA	3	11	0.7646	NA	0	1.4239	Viruses;Duplodnaviria;Heunggongvirae;Uroviricota;Caudoviricetes;;
k141_69339	836	No terminal repeats	NA	1	11	0.7634	NA	1	0.9355	Viruses;Duplodnaviria;Heunggongvirae;Uroviricota;Caudoviricetes;;
k141_67908	362	No terminal repeats	NA	1	11	0.7631	NA	1	0.9308	Viruses;Duplodnaviria;Heunggongvirae;Uroviricota;Caudoviricetes;;
k141_50343	6071	No terminal repeats	NA	5	11	0.7627	NA	0	1.6989	Viruses;Duplodnaviria;Heunggongvirae;Uroviricota;Caudoviricetes;;
k141_17900	9102	No terminal repeats	NA	10	11	0.7620	NA	0	3.4366	Viruses;Duplodnaviria;Heunggongvirae;Uroviricota;Caudoviricetes;;
k141_10601	2266	No terminal repeats	NA	6	11	0.7616	NA	1	3.3833	Viruses;Duplodnaviria;Heunggongvirae;Uroviricota;Caudoviricetes;;
k141_47855	4334	No terminal repeats	NA	4	11	0.7613	NA	0	2.0419	Viruses;Duplodnaviria;Heunggongvirae;Uroviricota;Caudoviricetes;;
k141_52102	5435	No terminal repeats	NA	7	11	0.7612	NA	0	0.8914	Viruses;Duplodnaviria;Heunggongvirae;Uroviricota;Caudoviricetes;;
k141_32810	5757	No terminal repeats	NA	6	11	0.7610	NA	1	2.8462	Viruses;Duplodnaviria;Heunggongvirae;Uroviricota;Caudoviricetes;;
k141_45170	4899	No terminal repeats	NA	5	11	0.7600	NA	0	3.0589	Unclassified
k141_5329	4769	No terminal repeats	NA	2	11	0.7587	NA	1	1.7183	Viruses;Duplodnaviria;Heunggongvirae;Uroviricota;Caudoviricetes;;
k141_46346	3079	No terminal repeats	NA	2	11	0.7576	NA	0	1.5141	Unclassified
k141_56010|provirus_6462_19524	13063	Provirus	6462-19524	16	11	0.7568	NA	0	4.5100	Viruses;Duplodnaviria;Heunggongvirae;Uroviricota;Caudoviricetes;;
k141_17524	378	No terminal repeats	NA	1	11	0.7549	NA	1	1.3345	Viruses;Duplodnaviria;Heunggongvirae;Uroviricota;Caudoviricetes;;
k141_14032	2851	No terminal repeats	NA	4	11	0.7542	NA	0	3.2662	Viruses;Duplodnaviria;Heunggongvirae;Uroviricota;Caudoviricetes;;
k141_64887	780	No terminal repeats	NA	1	11	0.7510	NA	1	1.7104	Viruses;Duplodnaviria;Heunggongvirae;Uroviricota;Caudoviricetes;;
k141_55986	363	No terminal repeats	NA	1	11	0.7499	NA	1	1.7183	Viruses;Duplodnaviria;Heunggongvirae;Uroviricota;Caudoviricetes;;
k141_21101	1405	No terminal repeats	NA	2	11	0.7477	NA	1	0.9355	Viruses;Duplodnaviria;Heunggongvirae;Uroviricota;Caudoviricetes;;
k141_68620	574	No terminal repeats	NA	2	11	0.7469	NA	1	1.5362	Viruses;Duplodnaviria;Heunggongvirae;Uroviricota;Caudoviricetes;;
k141_71313	2936	No terminal repeats	NA	4	11	0.7467	NA	0	1.6762	Viruses;Duplodnaviria;Heunggongvirae;Uroviricota;Caudoviricetes;;
k141_39851	3896	No terminal repeats	NA	1	11	0.7463	NA	0	0.0000	Unclassified
k141_5249	461	No terminal repeats	NA	1	11	0.7462	NA	1	1.2961	Viruses;Duplodnaviria;Heunggongvirae;Uroviricota;Caudoviricetes;;
k141_61978	9241	No terminal repeats	NA	11	11	0.7458	NA	0	2.8321	Viruses;Duplodnaviria;Heunggongvirae;Uroviricota;Caudoviricetes;;
k141_42564	20958	No terminal repeats	NA	20	11	0.7455	NA	0	3.4366	Viruses;Duplodnaviria;Heunggongvirae;Uroviricota;Caudoviricetes;;
k141_47212	4473	No terminal repeats	NA	6	11	0.7448	NA	0	1.3022	Unclassified
k141_56131	3633	No terminal repeats	NA	6	11	0.7435	NA	0	0.9855	Viruses;Duplodnaviria;Heunggongvirae;Uroviricota;Caudoviricetes;;
k141_48412	310	No terminal repeats	NA	1	11	0.7427	NA	1	1.0136	Viruses;Duplodnaviria;Heunggongvirae;Uroviricota;Caudoviricetes;;
k141_27035	607	No terminal repeats	NA	1	11	0.7420	NA	1	1.0136	Viruses;Duplodnaviria;Heunggongvirae;Uroviricota;Caudoviricetes;;
k141_13220	392	No terminal repeats	NA	1	11	0.7416	NA	1	1.2054	Viruses;Duplodnaviria;Heunggongvirae;Uroviricota;Caudoviricetes;;
k141_39883	3896	No terminal repeats	NA	1	11	0.7414	NA	0	0.0000	Unclassified
k141_30506	1634	No terminal repeats	NA	3	11	0.7411	NA	1	1.9316	Viruses;Duplodnaviria;Heunggongvirae;Uroviricota;Caudoviricetes;;
k141_13722	1304	No terminal repeats	NA	2	11	0.7402	NA	1	1.7183	Viruses;Duplodnaviria;Heunggongvirae;Uroviricota;Caudoviricetes;;
k141_24240	1841	No terminal repeats	NA	3	11	0.7398	NA	2	5.1494	Viruses;Duplodnaviria;Heunggongvirae;Uroviricota;Caudoviricetes;;
k141_57455	3244	No terminal repeats	NA	3	11	0.7386	NA	0	0.0000	Unclassified
k141_9895	5830	No terminal repeats	NA	6	11	0.7384	NA	0	1.7183	Viruses;Duplodnaviria;Heunggongvirae;Uroviricota;Caudoviricetes;;Demerecviridae
k141_4678	2503	No terminal repeats	NA	4	11	0.7361	NA	2	0.4818	Viruses;Duplodnaviria;Heunggongvirae;Uroviricota;Caudoviricetes;;
k141_59626	2173	No terminal repeats	NA	1	11	0.7354	NA	1	1.7136	Viruses;Duplodnaviria;Heunggongvirae;Uroviricota;Caudoviricetes;;
k141_39540	1897	No terminal repeats	NA	3	11	0.7348	NA	1	1.7136	Viruses;Duplodnaviria;Heunggongvirae;Uroviricota;Caudoviricetes;;
k141_9291	2620	No terminal repeats	NA	4	11	0.7347	NA	0	1.2562	Viruses;Duplodnaviria;Heunggongvirae;Uroviricota;Caudoviricetes;;
k141_6910	3101	No terminal repeats	NA	7	11	0.7338	NA	0	0.0000	Unclassified
k141_13051	345	No terminal repeats	NA	1	11	0.7332	NA	1	1.4883	Viruses;Duplodnaviria;Heunggongvirae;Uroviricota;Caudoviricetes;;
k141_5318	474	No terminal repeats	NA	2	11	0.7332	NA	1	1.3308	Viruses;Duplodnaviria;Heunggongvirae;Uroviricota;Caudoviricetes;;
k141_46109	8828	No terminal repeats	NA	12	11	0.7325	NA	0	3.2100	Viruses;Duplodnaviria;Heunggongvirae;Uroviricota;Caudoviricetes;;
k141_37428	315	No terminal repeats	NA	1	11	0.7310	NA	1	1.0136	Viruses;Duplodnaviria;Heunggongvirae;Uroviricota;Caudoviricetes;;
k141_5035	5766	No terminal repeats	NA	9	11	0.7309	NA	0	1.5457	Viruses;Duplodnaviria;Heunggongvirae;Uroviricota;Caudoviricetes;;
k141_27807	303	No terminal repeats	NA	1	11	0.7306	NA	1	1.0136	Viruses;Duplodnaviria;Heunggongvirae;Uroviricota;Caudoviricetes;;
k141_4264	13643	No terminal repeats	NA	12	11	0.7304	NA	0	1.7183	Viruses;Duplodnaviria;Heunggongvirae;Uroviricota;Caudoviricetes;;
k141_50480	345	No terminal repeats	NA	1	11	0.7303	NA	1	1.6934	Viruses;Duplodnaviria;Heunggongvirae;Uroviricota;Caudoviricetes;;
k141_12313	2640	No terminal repeats	NA	1	11	0.7284	NA	0	1.2520	Viruses;Duplodnaviria;Heunggongvirae;Uroviricota;Caudoviricetes;;
k141_45896	2599	No terminal repeats	NA	5	11	0.7278	NA	0	0.0000	Unclassified
k141_48115	2986	No terminal repeats	NA	4	11	0.7275	NA	1	0.7290	Viruses;Duplodnaviria;Heunggongvirae;Uroviricota;Caudoviricetes;;
k141_60636	3319	No terminal repeats	NA	3	11	0.7269	NA	0	0.0000	Unclassified
k141_19687	5948	No terminal repeats	NA	6	11	0.7260	NA	0	1.7183	Viruses;Duplodnaviria;Heunggongvirae;Uroviricota;Caudoviricetes;;
k141_28153	511	No terminal repeats	NA	2	11	0.7256	NA	1	0.9355	Viruses;Duplodnaviria;Heunggongvirae;Uroviricota;Caudoviricetes;;
k141_24514	973	No terminal repeats	NA	1	11	0.7254	NA	1	1.1587	Viruses;Duplodnaviria;Heunggongvirae;Uroviricota;Caudoviricetes;;
k141_35063	655	No terminal repeats	NA	1	11	0.7250	NA	1	1.2569	Viruses;Duplodnaviria;Heunggongvirae;Uroviricota;Caudoviricetes;;
k141_28495	3469	No terminal repeats	NA	6	11	0.7239	NA	0	1.7183	Viruses;Duplodnaviria;Heunggongvirae;Uroviricota;Caudoviricetes;;
k141_6037	13941	No terminal repeats	NA	15	11	0.7233	NA	2	1.5001	Viruses;Duplodnaviria;Heunggongvirae;Uroviricota;Caudoviricetes;;
k141_37236	866	No terminal repeats	NA	2	11	0.7203	NA	1	1.0136	Viruses;Duplodnaviria;Heunggongvirae;Uroviricota;Caudoviricetes;;
k141_25238	3867	No terminal repeats	NA	8	11	0.7200	NA	0	0.0000	Unclassified
k141_44911	1908	No terminal repeats	NA	4	11	0.7181	NA	1	3.2274	Viruses;Duplodnaviria;Heunggongvirae;Uroviricota;Caudoviricetes;;
k141_24208	3988	No terminal repeats	NA	9	11	0.7173	NA	0	0.0000	Unclassified
k141_31309	893	No terminal repeats	NA	3	11	0.7146	NA	1	1.3816	Viruses;Duplodnaviria;Heunggongvirae;Uroviricota;Caudoviricetes;;
k141_56946	682	No terminal repeats	NA	1	11	0.7129	NA	1	1.7136	Viruses;Duplodnaviria;Heunggongvirae;Uroviricota;Caudoviricetes;;
k141_24250	4599	No terminal repeats	NA	6	11	0.7117	NA	1	1.3558	Viruses;Duplodnaviria;Heunggongvirae;Uroviricota;Caudoviricetes;;
k141_38874	3730	No terminal repeats	NA	2	11	0.7107	NA	0	1.7183	Unclassified
k141_39478	2703	No terminal repeats	NA	2	11	0.7104	NA	0	0.0000	Unclassified
k141_43389	743	No terminal repeats	NA	1	11	0.7096	NA	1	1.2306	Viruses;Duplodnaviria;Heunggongvirae;Uroviricota;Caudoviricetes;;
k141_66368	1474	No terminal repeats	NA	2	11	0.7082	NA	1	0.9355	Viruses;Duplodnaviria;Heunggongvirae;Uroviricota;Caudoviricetes;;
k141_51315	4128	No terminal repeats	NA	6	11	0.7059	NA	0	0.9658	Viruses;Duplodnaviria;Heunggongvirae;Uroviricota;Caudoviricetes;;
k141_36968	2231	No terminal repeats	NA	3	11	0.7048	NA	1	1.7183	Viruses;Duplodnaviria;Heunggongvirae;Uroviricota;Caudoviricetes;;
k141_2074	1947	No terminal repeats	NA	2	11	0.7044	NA	1	1.7183	Viruses;Duplodnaviria;Heunggongvirae;Uroviricota;Caudoviricetes;;
k141_30210	3711	No terminal repeats	NA	3	11	0.7039	NA	0	1.7183	Viruses;Duplodnaviria;Heunggongvirae;Uroviricota;Caudoviricetes;;
k141_47569	344	No terminal repeats	NA	1	11	0.7032	NA	1	1.0136	Viruses;Duplodnaviria;Heunggongvirae;Uroviricota;Caudoviricetes;;
k141_52427	449	No terminal repeats	NA	1	11	0.7032	NA	1	0.9506	Viruses;Duplodnaviria;Heunggongvirae;Uroviricota;Caudoviricetes;;
k141_70139	643	No terminal repeats	NA	2	11	0.7029	NA	1	1.2306	Viruses;Duplodnaviria;Heunggongvirae;Uroviricota;Caudoviricetes;;
k141_65526	5011	No terminal repeats	NA	5	11	0.7020	NA	0	1.7183	Viruses;Duplodnaviria;Heunggongvirae;Uroviricota;Caudoviricetes;;Kyanoviridae
k141_45711	4043	No terminal repeats	NA	6	11	0.7017	NA	0	0.7461	Viruses;Duplodnaviria;Heunggongvirae;Uroviricota;Caudoviricetes;;
