user_genome	classification	closest_genome_reference	closest_genome_reference_radius	closest_genome_taxonomy	closest_genome_ani	closest_genome_af	closest_placement_reference	closest_placement_radius	closest_placement_taxonomy	closest_placement_ani	closest_placement_af	pplacer_taxonomy	classification_method	note	other_related_references(genome_id,species_name,radius,ANI,AF)	msa_percent	translation_table	red_value	warnings
bin.1	Unclassified Bacteria	N/A	N/A	N/A	N/A	N/A	N/A	N/A	N/A	N/A	N/A	N/A	N/A	N/A	N/A	N/A	N/A	N/A	Insufficient number of amino acids in MSA (0.8%)
bin.10	d__Bacteria;p__Bacillota;c__Clostridia;o__Oscillospirales;f__Ruminococcaceae;g__Negativibacillus;s__Negativibacillus sp000435195	GCA_000435195.1	95.0	d__Bacteria;p__Bacillota;c__Clostridia;o__Oscillospirales;f__Ruminococcaceae;g__Negativibacillus;s__Negativibacillus sp000435195	99.28	0.987	GCA_000435195.1	95.0	d__Bacteria;p__Bacillota;c__Clostridia;o__Oscillospirales;f__Ruminococcaceae;g__Negativibacillus;s__Negativibacillus sp000435195	99.28	0.987	d__Bacteria;p__Bacillota;c__Clostridia;o__Oscillospirales;f__Ruminococcaceae;g__Negativibacillus;s__	taxonomic classification defined by topology and ANI	topological placement and ANI have congruent species assignments	GCA_902490335.1, s__Negativibacillus sp902490335, 95.0, 94.71, 0.938	11.36	11	N/A	Genome domain questionable ( 11.7% Bacterial, 1.9% Archaeal)
bin.11	d__Bacteria;p__Bacillota;c__Clostridia;o__Lachnospirales;f__Lachnospiraceae;g__Fusicatenibacter;s__Fusicatenibacter saccharivorans	GCF_027667425.1	95.0	d__Bacteria;p__Bacillota;c__Clostridia;o__Lachnospirales;f__Lachnospiraceae;g__Fusicatenibacter;s__Fusicatenibacter saccharivorans	97.83	0.926	GCF_027667425.1	95.0	d__Bacteria;p__Bacillota;c__Clostridia;o__Lachnospirales;f__Lachnospiraceae;g__Fusicatenibacter;s__Fusicatenibacter saccharivorans	97.83	0.926	d__Bacteria;p__Bacillota;c__Clostridia;o__Lachnospirales;f__Lachnospiraceae;g__Fusicatenibacter;s__	taxonomic classification defined by topology and ANI	topological placement and ANI have congruent species assignments	GCA_900772675.1, s__Fusicatenibacter sp900772675, 95.0, 89.39, 0.454; GCA_963596755.1, s__Fusicatenibacter sp963596755, 95.0, 88.79, 0.597; GCA_963661155.1, s__Fusicatenibacter massiliensis_A, 95.0, 87.82, 0.522	19.52	11	N/A	N/A
bin.12	d__Bacteria;p__Bacillota;c__Clostridia;o__Oscillospirales;f__Acutalibacteraceae;g__Ruminococcoides;s__Ruminococcoides intestinale	GCF_040096305.1	95.12	d__Bacteria;p__Bacillota;c__Clostridia;o__Oscillospirales;f__Acutalibacteraceae;g__Ruminococcoides;s__Ruminococcoides intestinale	97.97	0.87	GCF_040096305.1	95.12	d__Bacteria;p__Bacillota;c__Clostridia;o__Oscillospirales;f__Acutalibacteraceae;g__Ruminococcoides;s__Ruminococcoides intestinale	97.97	0.87	d__Bacteria;p__Bacillota;c__Clostridia;o__Oscillospirales;f__Acutalibacteraceae;g__Ruminococcoides;s__	taxonomic classification defined by topology and ANI	topological placement and ANI have congruent species assignments	GCF_002834225.1, s__Ruminococcoides bromii, 95.0, 95.15, 0.8; GCA_905215855.1, s__Ruminococcoides sp905215855, 95.0, 94.47, 0.8; GCA_902771755.1, s__Ruminococcoides sp902771755, 95.0, 92.69, 0.753; GCA_902766775.1, s__Ruminococcoides sp902766775, 95.0, 90.95, 0.644	24.4	11	N/A	N/A
bin.13	d__Bacteria;p__Bacillota;c__Clostridia;o__Oscillospirales;f__Ruminococcaceae;g__Negativibacillus;s__Negativibacillus sp000435195	GCA_000435195.1	95.0	d__Bacteria;p__Bacillota;c__Clostridia;o__Oscillospirales;f__Ruminococcaceae;g__Negativibacillus;s__Negativibacillus sp000435195	98.96	0.931	GCA_000435195.1	95.0	d__Bacteria;p__Bacillota;c__Clostridia;o__Oscillospirales;f__Ruminococcaceae;g__Negativibacillus;s__Negativibacillus sp000435195	98.96	0.931	d__Bacteria;p__Bacillota;c__Clostridia;o__Oscillospirales;f__Ruminococcaceae;g__Negativibacillus;s__	taxonomic classification defined by topology and ANI	topological placement and ANI have congruent species assignments	GCA_902490335.1, s__Negativibacillus sp902490335, 95.0, 94.48, 0.537	66.34	11	N/A	N/A
bin.14	d__Bacteria;p__Bacillota;c__Bacilli;o__Erysipelotrichales;f__Coprobacillaceae;g__Longibaculum;s__Longibaculum muris	GCF_004343035.1	95.0	d__Bacteria;p__Bacillota;c__Bacilli;o__Erysipelotrichales;f__Coprobacillaceae;g__Longibaculum;s__Longibaculum muris	99.95	0.949	GCF_004343035.1	95.0	d__Bacteria;p__Bacillota;c__Bacilli;o__Erysipelotrichales;f__Coprobacillaceae;g__Longibaculum;s__Longibaculum muris	99.95	0.949	d__Bacteria;p__Bacillota;c__Bacilli;o__Erysipelotrichales;f__Coprobacillaceae;g__Longibaculum;s__	taxonomic classification defined by topology and ANI	topological placement and ANI have congruent species assignments	GCA_900538465.1, s__Longibaculum sp900538465, 95.0, 85.11, 0.272	31.83	11	N/A	N/A
bin.15	d__Bacteria;p__Bacillota;c__Bacilli;o__Erysipelotrichales;f__Erysipelotrichaceae;g__Longicatena;s__Longicatena caecimuris	GCF_004341945.1	95.0	d__Bacteria;p__Bacillota;c__Bacilli;o__Erysipelotrichales;f__Erysipelotrichaceae;g__Longicatena;s__Longicatena caecimuris	98.43	0.883	GCF_004341945.1	95.0	d__Bacteria;p__Bacillota;c__Bacilli;o__Erysipelotrichales;f__Erysipelotrichaceae;g__Longicatena;s__Longicatena caecimuris	98.43	0.883	d__Bacteria;p__Bacillota;c__Bacilli;o__Erysipelotrichales;f__Erysipelotrichaceae;g__Longicatena;s__	taxonomic classification defined by topology and ANI	topological placement and ANI have congruent species assignments	N/A	23.25	11	N/A	N/A
bin.17	d__Bacteria;p__Bacillota;c__Clostridia;o__Lachnospirales;f__Lachnospiraceae;g__Blautia_A;s__Blautia_A caecimuris	GCF_024622975.1	95.0	d__Bacteria;p__Bacillota;c__Clostridia;o__Lachnospirales;f__Lachnospiraceae;g__Blautia_A;s__Blautia_A caecimuris	96.88	0.883	GCF_024622975.1	95.0	d__Bacteria;p__Bacillota;c__Clostridia;o__Lachnospirales;f__Lachnospiraceae;g__Blautia_A;s__Blautia_A caecimuris	96.88	0.883	d__Bacteria;p__Bacillota;c__Clostridia;o__Lachnospirales;f__Lachnospiraceae;g__Blautia_A;s__	taxonomic classification defined by topology and ANI	topological placement and ANI have congruent species assignments	GCF_028767025.1, s__Blautia_A sp028767025, 95.0, 89.46, 0.6	39.48	11	N/A	N/A
bin.19	d__Bacteria;p__Bacillota;c__Clostridia;o__Lachnospirales;f__Lachnospiraceae;g__Fusicatenibacter;s__Fusicatenibacter saccharivorans	GCF_027667425.1	95.0	d__Bacteria;p__Bacillota;c__Clostridia;o__Lachnospirales;f__Lachnospiraceae;g__Fusicatenibacter;s__Fusicatenibacter saccharivorans	98.12	0.954	GCF_027667425.1	95.0	d__Bacteria;p__Bacillota;c__Clostridia;o__Lachnospirales;f__Lachnospiraceae;g__Fusicatenibacter;s__Fusicatenibacter saccharivorans	98.12	0.954	d__Bacteria;p__Bacillota;c__Clostridia;o__Lachnospirales;f__Lachnospiraceae;g__Fusicatenibacter;s__	taxonomic classification defined by topology and ANI	topological placement and ANI have congruent species assignments	GCA_900772675.1, s__Fusicatenibacter sp900772675, 95.0, 90.74, 0.329; GCA_963596755.1, s__Fusicatenibacter sp963596755, 95.0, 89.04, 0.523; GCA_963661155.1, s__Fusicatenibacter massiliensis_A, 95.0, 88.11, 0.479	21.9	11	N/A	N/A
bin.2	d__Bacteria;p__Bacillota;c__Negativicutes;o__Veillonellales;f__Dialisteraceae;g__Dialister;s__Dialister sp900541485	GCA_900541485.1	95.0	d__Bacteria;p__Bacillota;c__Negativicutes;o__Veillonellales;f__Dialisteraceae;g__Dialister;s__Dialister sp900541485	96.8	0.863	GCA_900541485.1	95.0	d__Bacteria;p__Bacillota;c__Negativicutes;o__Veillonellales;f__Dialisteraceae;g__Dialister;s__Dialister sp900541485	96.8	0.863	d__Bacteria;p__Bacillota;c__Negativicutes;o__Veillonellales;f__Dialisteraceae;g__Dialister;s__	taxonomic classification defined by topology and ANI	topological placement and ANI have congruent species assignments	GCA_900547785.1, s__Dialister sp900547785, 95.0, 91.1, 0.398	14.69	11	N/A	N/A
bin.20	d__Bacteria;p__Bacillota;c__Bacilli;o__Erysipelotrichales;f__Coprobacillaceae;g__Faecalibacillus;s__Faecalibacillus faecis	GCF_003024675.1	95.0	d__Bacteria;p__Bacillota;c__Bacilli;o__Erysipelotrichales;f__Coprobacillaceae;g__Faecalibacillus;s__Faecalibacillus faecis	98.8	0.732	GCF_003024675.1	95.0	d__Bacteria;p__Bacillota;c__Bacilli;o__Erysipelotrichales;f__Coprobacillaceae;g__Faecalibacillus;s__Faecalibacillus faecis	98.8	0.732	d__Bacteria;p__Bacillota;c__Bacilli;o__Erysipelotrichales;f__Coprobacillaceae;g__Faecalibacillus;s__	taxonomic classification defined by topology and ANI	topological placement and ANI have congruent species assignments	GCA_030540195.1, s__Faecalibacillus sp030540195, 95.0, 92.38, 0.563; GCF_003024685.1, s__Faecalibacillus intestinalis, 95.0, 89.6, 0.485; GCA_958421935.1, s__Faecalibacillus sp900544435, 95.0, 88.66, 0.411; GCA_963618275.1, s__Faecalibacillus sp963618275, 95.0, 88.05, 0.415	46.33	11	N/A	N/A
bin.21	d__Bacteria;p__Bacillota;c__Clostridia;o__Oscillospirales;f__Oscillospiraceae;g__Vescimonas;s__Vescimonas sp000435975	GCA_000435975.1	95.0	d__Bacteria;p__Bacillota;c__Clostridia;o__Oscillospirales;f__Oscillospiraceae;g__Vescimonas;s__Vescimonas sp000435975	98.26	0.931	GCA_000435975.1	95.0	d__Bacteria;p__Bacillota;c__Clostridia;o__Oscillospirales;f__Oscillospiraceae;g__Vescimonas;s__Vescimonas sp000435975	98.26	0.931	d__Bacteria;p__Bacillota;c__Clostridia;o__Oscillospirales;f__Oscillospiraceae;g__Vescimonas;s__	taxonomic classification defined by topology and ANI	topological placement and ANI have congruent species assignments	GCF_020687045.1, s__Vescimonas cirricatena, 95.0, 91.15, 0.684	47.0	11	N/A	N/A
bin.22	d__Bacteria;p__Bacillota;c__Clostridia;o__TANB77;f__CAG-508;g__CAG-273;s__CAG-273 sp000438355	GCA_000438355.1	95.0	d__Bacteria;p__Bacillota;c__Clostridia;o__TANB77;f__CAG-508;g__CAG-273;s__CAG-273 sp000438355	98.75	0.881	GCA_000438355.1	95.0	d__Bacteria;p__Bacillota;c__Clostridia;o__TANB77;f__CAG-508;g__CAG-273;s__CAG-273 sp000438355	98.75	0.881	d__Bacteria;p__Bacillota;c__Clostridia;o__TANB77;f__CAG-508;g__CAG-273;s__	taxonomic classification defined by topology and ANI	topological placement and ANI have congruent species assignments	GCA_944392105.1, s__CAG-273 sp944392105, 95.0, 84.99, 0.381; GCA_902496295.1, s__CAG-273 sp902496295, 95.0, 84.84, 0.327; GCA_905215615.1, s__CAG-273 sp905215615, 95.0, 83.39, 0.273	85.74	11	N/A	N/A
bin.23	Unclassified Bacteria	N/A	N/A	N/A	N/A	N/A	N/A	N/A	N/A	N/A	N/A	N/A	N/A	N/A	N/A	N/A	N/A	N/A	Insufficient number of amino acids in MSA (3.0%)
bin.24	Unclassified Bacteria	N/A	N/A	N/A	N/A	N/A	N/A	N/A	N/A	N/A	N/A	N/A	N/A	N/A	N/A	N/A	N/A	N/A	Insufficient number of amino acids in MSA (9.1%)
bin.25	d__Bacteria;p__Bacillota;c__Clostridia;o__Oscillospirales;f__Acutalibacteraceae;g__CAG-217;s__CAG-217 sp000436335	GCA_025757685.1	95.0	d__Bacteria;p__Bacillota;c__Clostridia;o__Oscillospirales;f__Acutalibacteraceae;g__CAG-217;s__CAG-217 sp000436335	97.49	0.965	GCA_025757685.1	95.0	d__Bacteria;p__Bacillota;c__Clostridia;o__Oscillospirales;f__Acutalibacteraceae;g__CAG-217;s__CAG-217 sp000436335	97.49	0.965	d__Bacteria;p__Bacillota;c__Clostridia;o__Oscillospirales;f__Acutalibacteraceae;g__CAG-217;s__	taxonomic classification defined by topology and ANI	topological placement and ANI have congruent species assignments	GCA_963638105.1, s__CAG-217 sp963638105, 95.0, 94.95, 0.913; GCA_963642245.1, s__CAG-217 sp963642245, 95.0, 91.63, 0.861; GCA_963605415.1, s__CAG-217 sp963605415, 95.0, 89.61, 0.761	69.02	11	N/A	N/A
bin.26	d__Bacteria;p__Bacillota;c__Bacilli;o__Erysipelotrichales;f__Erysipelotrichaceae;g__Holdemanella;s__Holdemanella biformis	GCF_000156655.1	95.0	d__Bacteria;p__Bacillota;c__Bacilli;o__Erysipelotrichales;f__Erysipelotrichaceae;g__Holdemanella;s__Holdemanella biformis	98.7	0.755	GCF_000156655.1	95.0	d__Bacteria;p__Bacillota;c__Bacilli;o__Erysipelotrichales;f__Erysipelotrichaceae;g__Holdemanella;s__Holdemanella biformis	98.7	0.755	d__Bacteria;p__Bacillota;c__Bacilli;o__Erysipelotrichales;f__Erysipelotrichaceae;g__Holdemanella;s__	taxonomic classification defined by topology and ANI	topological placement and ANI have congruent species assignments	GCA_938036765.1, s__Holdemanella sp900547815, 95.0, 92.32, 0.642; GCF_934754935.1, s__Holdemanella sp934754935, 95.0, 92.28, 0.666; GCF_024460475.1, s__Holdemanella sp900556915, 95.94, 91.05, 0.594; GCF_014306155.1, s__Holdemanella hominis, 95.87, 90.55, 0.581; GCF_009696075.1, s__Holdemanella porci, 95.0, 90.31, 0.576; GCA_003436425.1, s__Holdemanella sp003436425, 95.0, 90.1, 0.582; GCF_934772795.1, s__Holdemanella sp934772795, 95.18, 89.58, 0.547; GCF_900754615.1, s__Holdemanella sp900754615, 95.0, 89.4, 0.502; GCF_003458715.1, s__Holdemanella sp003458715, 95.0, 89.36, 0.514	53.49	11	N/A	N/A
bin.27	d__Bacteria;p__Bacillota;c__Bacilli;o__Erysipelotrichales;f__Coprobacillaceae;g__Longibaculum;s__Longibaculum muris	GCF_004343035.1	95.0	d__Bacteria;p__Bacillota;c__Bacilli;o__Erysipelotrichales;f__Coprobacillaceae;g__Longibaculum;s__Longibaculum muris	99.97	0.988	GCF_004343035.1	95.0	d__Bacteria;p__Bacillota;c__Bacilli;o__Erysipelotrichales;f__Coprobacillaceae;g__Longibaculum;s__Longibaculum muris	99.97	0.988	d__Bacteria;p__Bacillota;c__Bacilli;o__Erysipelotrichales;f__Coprobacillaceae;g__Longibaculum;s__	taxonomic classification defined by topology and ANI	topological placement and ANI have congruent species assignments	GCA_900538465.1, s__Longibaculum sp900538465, 95.0, 86.48, 0.299	18.73	11	N/A	N/A
bin.28	d__Bacteria;p__Bacillota;c__Clostridia;o__Lachnospirales;f__Lachnospiraceae;g__Mediterraneibacter;s__Mediterraneibacter faecis	GCA_001312505.1	95.0	d__Bacteria;p__Bacillota;c__Clostridia;o__Lachnospirales;f__Lachnospiraceae;g__Mediterraneibacter;s__Mediterraneibacter faecis	97.82	0.519	GCA_001312505.1	95.0	d__Bacteria;p__Bacillota;c__Clostridia;o__Lachnospirales;f__Lachnospiraceae;g__Mediterraneibacter;s__Mediterraneibacter faecis	97.82	0.519	d__Bacteria;p__Bacillota;c__Clostridia;o__Lachnospirales;f__Lachnospiraceae;g__Mediterraneibacter;s__	taxonomic classification defined by topology and ANI	topological placement and ANI have congruent species assignments	GCF_934309345.1, s__Mediterraneibacter sp934309345, 95.0, 92.96, 0.464	10.27	11	N/A	Genome domain questionable ( 10.8% Bacterial, 1.9% Archaeal)
bin.29	Unclassified Bacteria	N/A	N/A	N/A	N/A	N/A	N/A	N/A	N/A	N/A	N/A	N/A	N/A	N/A	N/A	N/A	N/A	N/A	Insufficient number of amino acids in MSA (1.8%)
bin.3	d__Bacteria;p__Bacillota;c__Clostridia;o__Oscillospirales;f__Acutalibacteraceae;g__CAG-177;s__CAG-177 sp003514385	GCA_003514385.1	95.0	d__Bacteria;p__Bacillota;c__Clostridia;o__Oscillospirales;f__Acutalibacteraceae;g__CAG-177;s__CAG-177 sp003514385	96.07	0.878	GCA_003514385.1	95.0	d__Bacteria;p__Bacillota;c__Clostridia;o__Oscillospirales;f__Acutalibacteraceae;g__CAG-177;s__CAG-177 sp003514385	96.07	0.878	d__Bacteria;p__Bacillota;c__Clostridia;o__Oscillospirales;f__Acutalibacteraceae;g__CAG-177;s__	taxonomic classification defined by topology and ANI	topological placement and ANI have congruent species assignments	GCA_963592475.1, s__CAG-177 sp963592475, 95.0, 95.61, 0.915; GCA_002451755.1, s__CAG-177 sp002451755, 95.0, 94.67, 0.772; GCA_002438685.1, s__CAG-177 sp002438685, 95.0, 93.83, 0.793; GCA_963620555.1, s__CAG-177 sp963620555, 95.0, 90.66, 0.75; GCA_963612725.1, s__CAG-177 sp963612725, 95.0, 90.37, 0.737; GCA_003538135.1, s__CAG-177 sp003538135, 95.0, 89.64, 0.717; GCA_900770255.1, s__CAG-177 sp900770255, 95.0, 80.62, 0.171	76.99	11	N/A	N/A
bin.30	d__Bacteria;p__Bacillota;c__Clostridia;o__Oscillospirales;f__Acutalibacteraceae;g__Hominenteromicrobium;s__Hominenteromicrobium mulieris	GCF_020687165.1	95.0	d__Bacteria;p__Bacillota;c__Clostridia;o__Oscillospirales;f__Acutalibacteraceae;g__Hominenteromicrobium;s__Hominenteromicrobium mulieris	97.9	0.956	GCF_020687165.1	95.0	d__Bacteria;p__Bacillota;c__Clostridia;o__Oscillospirales;f__Acutalibacteraceae;g__Hominenteromicrobium;s__Hominenteromicrobium mulieris	97.9	0.956	d__Bacteria;p__Bacillota;c__Clostridia;o__Oscillospirales;f__Acutalibacteraceae;g__Hominenteromicrobium;s__	taxonomic classification defined by topology and ANI	topological placement and ANI have congruent species assignments	GCA_934643185.1, s__Hominenteromicrobium sp934643185, 95.0, 94.19, 0.82	32.76	11	N/A	N/A
bin.31	d__Bacteria;p__Bacillota;c__Clostridia;o__Lachnospirales;f__Lachnospiraceae;g__Mediterraneibacter;s__Mediterraneibacter faecis	GCA_001312505.1	95.0	d__Bacteria;p__Bacillota;c__Clostridia;o__Lachnospirales;f__Lachnospiraceae;g__Mediterraneibacter;s__Mediterraneibacter faecis	97.76	0.612	GCA_001312505.1	95.0	d__Bacteria;p__Bacillota;c__Clostridia;o__Lachnospirales;f__Lachnospiraceae;g__Mediterraneibacter;s__Mediterraneibacter faecis	97.76	0.612	d__Bacteria;p__Bacillota;c__Clostridia;o__Lachnospirales;f__Lachnospiraceae;g__Mediterraneibacter;s__	taxonomic classification defined by topology and ANI	topological placement and ANI have congruent species assignments	GCF_934309345.1, s__Mediterraneibacter sp934309345, 95.0, 94.18, 0.542	29.23	11	N/A	N/A
bin.32	d__Bacteria;p__Bacillota;c__Clostridia;o__Lachnospirales;f__Lachnospiraceae;g__Blautia_A;s__Blautia_A wexlerae	GCF_025148125.1	95.13	d__Bacteria;p__Bacillota;c__Clostridia;o__Lachnospirales;f__Lachnospiraceae;g__Blautia_A;s__Blautia_A wexlerae	97.98	0.707	GCF_025148125.1	95.13	d__Bacteria;p__Bacillota;c__Clostridia;o__Lachnospirales;f__Lachnospiraceae;g__Blautia_A;s__Blautia_A wexlerae	97.98	0.707	d__Bacteria;p__Bacillota;c__Clostridia;o__Lachnospirales;f__Lachnospiraceae;g__Blautia_A;s__	taxonomic classification defined by topology and ANI	topological placement and ANI have congruent species assignments	GCA_958454115.1, s__Blautia_A wexlerae_C, 95.0, 96.76, 0.277; GCF_013300825.1, s__Blautia_A wexlerae_B, 95.0, 94.01, 0.546; GCF_014297245.1, s__Blautia_A difficilis, 95.0, 89.45, 0.201; GCF_018919065.1, s__Blautia_A sp018919065, 95.0, 89.03, 0.251; GCA_003471165.1, s__Blautia_A sp003471165, 95.0, 88.74, 0.3; GCF_033096465.1, s__Blautia_A luti, 95.0, 88.16, 0.186; GCA_003477525.1, s__Blautia_A sp003477525, 95.0, 87.42, 0.187; GCF_934416185.1, s__Blautia_A sp934416185, 95.0, 85.83, 0.195; GCA_934437695.1, s__Blautia_A sp934437695, 95.0, 84.91, 0.28	37.27	11	N/A	N/A
bin.4	Unclassified	N/A	N/A	N/A	N/A	N/A	N/A	N/A	N/A	N/A	N/A	N/A	N/A	N/A	N/A	N/A	N/A	N/A	No bacterial or archaeal marker
bin.5	d__Bacteria;p__Bacillota;c__Clostridia;o__Oscillospirales;f__Acutalibacteraceae;g__Hominenteromicrobium;s__Hominenteromicrobium mulieris	GCF_020687165.1	95.0	d__Bacteria;p__Bacillota;c__Clostridia;o__Oscillospirales;f__Acutalibacteraceae;g__Hominenteromicrobium;s__Hominenteromicrobium mulieris	97.96	0.934	GCF_020687165.1	95.0	d__Bacteria;p__Bacillota;c__Clostridia;o__Oscillospirales;f__Acutalibacteraceae;g__Hominenteromicrobium;s__Hominenteromicrobium mulieris	97.96	0.934	d__Bacteria;p__Bacillota;c__Clostridia;o__Oscillospirales;f__Acutalibacteraceae;g__Hominenteromicrobium;s__	taxonomic classification defined by topology and ANI	topological placement and ANI have congruent species assignments	GCA_934643185.1, s__Hominenteromicrobium sp934643185, 95.0, 94.67, 0.812	33.2	11	N/A	N/A
bin.6	Unclassified Bacteria	N/A	N/A	N/A	N/A	N/A	N/A	N/A	N/A	N/A	N/A	N/A	N/A	N/A	N/A	N/A	N/A	N/A	Insufficient number of amino acids in MSA (4.7%)
bin.7	Unclassified Bacteria	N/A	N/A	N/A	N/A	N/A	N/A	N/A	N/A	N/A	N/A	N/A	N/A	N/A	N/A	N/A	N/A	N/A	Insufficient number of amino acids in MSA (7.1%)
bin.8	d__Bacteria;p__Bacillota;c__Clostridia;o__Oscillospirales;f__Acutalibacteraceae;g__Ruminococcoides;s__Ruminococcoides intestinale	GCF_040096305.1	95.12	d__Bacteria;p__Bacillota;c__Clostridia;o__Oscillospirales;f__Acutalibacteraceae;g__Ruminococcoides;s__Ruminococcoides intestinale	98.12	0.886	GCF_040096305.1	95.12	d__Bacteria;p__Bacillota;c__Clostridia;o__Oscillospirales;f__Acutalibacteraceae;g__Ruminococcoides;s__Ruminococcoides intestinale	98.12	0.886	d__Bacteria;p__Bacillota;c__Clostridia;o__Oscillospirales;f__Acutalibacteraceae;g__Ruminococcoides;s__	taxonomic classification defined by topology and ANI	topological placement and ANI have congruent species assignments	GCF_002834225.1, s__Ruminococcoides bromii, 95.0, 95.21, 0.852; GCA_905215855.1, s__Ruminococcoides sp905215855, 95.0, 94.58, 0.807; GCA_902771755.1, s__Ruminococcoides sp902771755, 95.0, 91.39, 0.688; GCA_902766775.1, s__Ruminococcoides sp902766775, 95.0, 89.85, 0.707	47.78	11	N/A	N/A
bin.9	d__Bacteria;p__Actinomycetota;c__Actinomycetes;o__Actinomycetales;f__Bifidobacteriaceae;g__Bifidobacterium;s__Bifidobacterium bifidum	GCF_001025135.1	95.0	d__Bacteria;p__Actinomycetota;c__Actinomycetes;o__Actinomycetales;f__Bifidobacteriaceae;g__Bifidobacterium;s__Bifidobacterium bifidum	99.04	0.966	GCF_001025135.1	95.0	d__Bacteria;p__Actinomycetota;c__Actinomycetes;o__Actinomycetales;f__Bifidobacteriaceae;g__Bifidobacterium;s__Bifidobacterium bifidum	99.04	0.966	d__Bacteria;p__Actinomycetota;c__Actinomycetes;o__Actinomycetales;f__Bifidobacteriaceae;g__Bifidobacterium;s__	taxonomic classification defined by topology and ANI	topological placement and ANI have congruent species assignments	N/A	45.55	11	N/A	N/A
